,coord,x_coord,y_coord,cluster_use
AAACATCGAAACATCG-1,2x2,2,2,3
AAACATCGAACAACCA-1,2x13,2,13,5
AAACATCGAACCGAGA-1,2x14,2,14,2
AAACATCGAACGCTTA-1,2x15,2,15,0
AAACATCGAAGACGGA-1,2x16,2,16,2
AAACATCGAAGGTACA-1,2x17,2,17,5
AAACATCGACAAGCTA-1,2x10,2,10,6
AAACATCGACACAGAA-1,2x18,2,18,5
AAACATCGACAGCAGA-1,2x19,2,19,2
AAACATCGACATTGGC-1,2x6,2,6,3
AAACATCGACCACTGT-1,2x5,2,5,3
AAACATCGACCTCCAA-1,2x20,2,20,2
AAACATCGACGCTCGA-1,2x21,2,21,2
AAACATCGACGTATCA-1,2x22,2,22,2
AAACATCGACTATGCA-1,2x23,2,23,2
AAACATCGAGAGTCAA-1,2x24,2,24,5
AAACATCGAGATCGCA-1,2x25,2,25,2
AAACATCGAGCAGGAA-1,2x26,2,26,2
AAACATCGAGTACAAG-1,2x12,2,12,3
AAACATCGAGTCACTA-1,2x27,2,27,7
AAACATCGAGTGGTCA-1,2x4,2,4,3
AAACATCGATCCTGTA-1,2x28,2,28,2
AAACATCGATGCCTAA-1,2x3,2,3,0
AAACATCGATTGAGGA-1,2x29,2,29,1
AAACATCGCAACCACA-1,2x30,2,30,2
AAACATCGCAATGGAA-1,2x32,2,32,2
AAACATCGCACTTCGA-1,2x33,2,33,2
AAACATCGCAGATCTG-1,2x7,2,7,6
AAACATCGCAGCGTTA-1,2x34,2,34,5
AAACATCGCATACCAA-1,2x35,2,35,2
AAACATCGCATCAAGT-1,2x8,2,8,6
AAACATCGCCAGTTCA-1,2x36,2,36,2
AAACATCGCCGAAGTA-1,2x37,2,37,2
AAACATCGCCGTGAGA-1,2x38,2,38,5
AAACATCGCCTCCTGA-1,2x39,2,39,3
AAACATCGCGAACTTA-1,2x40,2,40,2
AAACATCGCGACTGGA-1,2x41,2,41,2
AAACATCGCGCATACA-1,2x42,2,42,9
AAACATCGCGCTGATC-1,2x9,2,9,0
AAACATCGCTCAATGA-1,2x43,2,43,2
AAACATCGCTGTAGCC-1,2x11,2,11,6
AAACATCGGACTAGTA-1,2x31,2,31,1
AACAACCAAAACATCG-1,13x2,13,2,2
AACAACCAAACAACCA-1,13x13,13,13,5
AACAACCAAACCGAGA-1,13x14,13,14,3
AACAACCAAACGCTTA-1,13x15,13,15,5
AACAACCAAAGACGGA-1,13x16,13,16,3
AACAACCAAAGGTACA-1,13x17,13,17,9
AACAACCAACAAGCTA-1,13x10,13,10,6
AACAACCAACACAGAA-1,13x18,13,18,2
AACAACCAACAGCAGA-1,13x19,13,19,3
AACAACCAACATTGGC-1,13x6,13,6,1
AACAACCAACCACTGT-1,13x5,13,5,1
AACAACCAACCTCCAA-1,13x20,13,20,2
AACAACCAACGCTCGA-1,13x21,13,21,2
AACAACCAACGTATCA-1,13x22,13,22,2
AACAACCAACTATGCA-1,13x23,13,23,2
AACAACCAAGAGTCAA-1,13x24,13,24,8
AACAACCAAGATCGCA-1,13x25,13,25,7
AACAACCAAGCAGGAA-1,13x26,13,26,2
AACAACCAAGTACAAG-1,13x12,13,12,3
AACAACCAAGTCACTA-1,13x27,13,27,2
AACAACCAAGTGGTCA-1,13x4,13,4,3
AACAACCAATCCTGTA-1,13x28,13,28,2
AACAACCAATGCCTAA-1,13x3,13,3,6
AACAACCAATTGAGGA-1,13x29,13,29,7
AACAACCACAACCACA-1,13x30,13,30,2
AACAACCACAAGACTA-1,13x47,13,47,8
AACAACCACAATGGAA-1,13x32,13,32,2
AACAACCACACTTCGA-1,13x33,13,33,2
AACAACCACAGATCTG-1,13x7,13,7,1
AACAACCACAGCGTTA-1,13x34,13,34,8
AACAACCACATACCAA-1,13x35,13,35,2
AACAACCACATCAAGT-1,13x8,13,8,1
AACAACCACCAGTTCA-1,13x36,13,36,8
AACAACCACCGAAGTA-1,13x37,13,37,2
AACAACCACCGTGAGA-1,13x38,13,38,2
AACAACCACCTCCTGA-1,13x39,13,39,2
AACAACCACGAACTTA-1,13x40,13,40,2
AACAACCACGACTGGA-1,13x41,13,41,8
AACAACCACGCATACA-1,13x42,13,42,8
AACAACCACGCTGATC-1,13x9,13,9,0
AACAACCACTCAATGA-1,13x43,13,43,5
AACAACCACTGAGCCA-1,13x44,13,44,2
AACAACCACTGGCATA-1,13x45,13,45,8
AACAACCACTGTAGCC-1,13x11,13,11,0
AACAACCAGAATCTGA-1,13x46,13,46,3
AACAACCAGACTAGTA-1,13x31,13,31,2
AACAACCAGAGCTGAA-1,13x48,13,48,2
AACCGAGAAAACATCG-1,14x2,14,2,0
AACCGAGAAACAACCA-1,14x13,14,13,9
AACCGAGAAACCGAGA-1,14x14,14,14,2
AACCGAGAAACGCTTA-1,14x15,14,15,5
AACCGAGAAAGACGGA-1,14x16,14,16,9
AACCGAGAAAGGTACA-1,14x17,14,17,9
AACCGAGAACAAGCTA-1,14x10,14,10,0
AACCGAGAACACAGAA-1,14x18,14,18,9
AACCGAGAACAGCAGA-1,14x19,14,19,9
AACCGAGAACATTGGC-1,14x6,14,6,1
AACCGAGAACCACTGT-1,14x5,14,5,1
AACCGAGAACCTCCAA-1,14x20,14,20,5
AACCGAGAACGCTCGA-1,14x21,14,21,2
AACCGAGAACGTATCA-1,14x22,14,22,3
AACCGAGAACTATGCA-1,14x23,14,23,2
AACCGAGAAGAGTCAA-1,14x24,14,24,1
AACCGAGAAGATCGCA-1,14x25,14,25,2
AACCGAGAAGCAGGAA-1,14x26,14,26,5
AACCGAGAAGTACAAG-1,14x12,14,12,3
AACCGAGAAGTCACTA-1,14x27,14,27,2
AACCGAGAAGTGGTCA-1,14x4,14,4,7
AACCGAGAATCCTGTA-1,14x28,14,28,2
AACCGAGAATGCCTAA-1,14x3,14,3,6
AACCGAGAATTGAGGA-1,14x29,14,29,2
AACCGAGACAACCACA-1,14x30,14,30,2
AACCGAGACAAGACTA-1,14x47,14,47,1
AACCGAGACAATGGAA-1,14x32,14,32,2
AACCGAGACACTTCGA-1,14x33,14,33,2
AACCGAGACAGATCTG-1,14x7,14,7,1
AACCGAGACAGCGTTA-1,14x34,14,34,1
AACCGAGACATACCAA-1,14x35,14,35,1
AACCGAGACATCAAGT-1,14x8,14,8,1
AACCGAGACCAGTTCA-1,14x36,14,36,1
AACCGAGACCGAAGTA-1,14x37,14,37,7
AACCGAGACCGTGAGA-1,14x38,14,38,2
AACCGAGACCTCCTGA-1,14x39,14,39,8
AACCGAGACGAACTTA-1,14x40,14,40,2
AACCGAGACGACTGGA-1,14x41,14,41,3
AACCGAGACGCATACA-1,14x42,14,42,2
AACCGAGACGCTGATC-1,14x9,14,9,4
AACCGAGACTCAATGA-1,14x43,14,43,2
AACCGAGACTGAGCCA-1,14x44,14,44,8
AACCGAGACTGGCATA-1,14x45,14,45,1
AACCGAGACTGTAGCC-1,14x11,14,11,5
AACCGAGAGAATCTGA-1,14x46,14,46,1
AACCGAGAGACTAGTA-1,14x31,14,31,2
AACCGAGAGAGCTGAA-1,14x48,14,48,7
AACGCTTAAAACATCG-1,15x2,15,2,0
AACGCTTAAACAACCA-1,15x13,15,13,9
AACGCTTAAACCGAGA-1,15x14,15,14,5
AACGCTTAAACGCTTA-1,15x15,15,15,9
AACGCTTAAAGACGGA-1,15x16,15,16,9
AACGCTTAAAGGTACA-1,15x17,15,17,9
AACGCTTAACAAGCTA-1,15x10,15,10,2
AACGCTTAACACAGAA-1,15x18,15,18,9
AACGCTTAACAGCAGA-1,15x19,15,19,9
AACGCTTAACATTGGC-1,15x6,15,6,1
AACGCTTAACCACTGT-1,15x5,15,5,1
AACGCTTAACCTCCAA-1,15x20,15,20,2
AACGCTTAACGCTCGA-1,15x21,15,21,7
AACGCTTAACGTATCA-1,15x22,15,22,3
AACGCTTAACTATGCA-1,15x23,15,23,2
AACGCTTAAGAGTCAA-1,15x24,15,24,2
AACGCTTAAGATCGCA-1,15x25,15,25,5
AACGCTTAAGCAGGAA-1,15x26,15,26,5
AACGCTTAAGTACAAG-1,15x12,15,12,5
AACGCTTAAGTCACTA-1,15x27,15,27,3
AACGCTTAAGTGGTCA-1,15x4,15,4,7
AACGCTTAATCCTGTA-1,15x28,15,28,2
AACGCTTAATGCCTAA-1,15x3,15,3,6
AACGCTTAATTGAGGA-1,15x29,15,29,2
AACGCTTACAACCACA-1,15x30,15,30,5
AACGCTTACAAGACTA-1,15x47,15,47,8
AACGCTTACAATGGAA-1,15x32,15,32,2
AACGCTTACACTTCGA-1,15x33,15,33,5
AACGCTTACAGATCTG-1,15x7,15,7,1
AACGCTTACAGCGTTA-1,15x34,15,34,2
AACGCTTACATACCAA-1,15x35,15,35,2
AACGCTTACATCAAGT-1,15x8,15,8,1
AACGCTTACCAGTTCA-1,15x36,15,36,3
AACGCTTACCGAAGTA-1,15x37,15,37,2
AACGCTTACCGTGAGA-1,15x38,15,38,3
AACGCTTACCTCCTGA-1,15x39,15,39,8
AACGCTTACGAACTTA-1,15x40,15,40,2
AACGCTTACGACTGGA-1,15x41,15,41,5
AACGCTTACGCATACA-1,15x42,15,42,2
AACGCTTACGCTGATC-1,15x9,15,9,1
AACGCTTACTCAATGA-1,15x43,15,43,0
AACGCTTACTGAGCCA-1,15x44,15,44,7
AACGCTTACTGGCATA-1,15x45,15,45,2
AACGCTTACTGTAGCC-1,15x11,15,11,7
AACGCTTAGAATCTGA-1,15x46,15,46,2
AACGCTTAGACTAGTA-1,15x31,15,31,2
AACGCTTAGAGCTGAA-1,15x48,15,48,3
AACGTGATAAACATCG-1,1x2,1,2,3
AACGTGATAACAACCA-1,1x13,1,13,9
AACGTGATAACCGAGA-1,1x14,1,14,9
AACGTGATAACGCTTA-1,1x15,1,15,0
AACGTGATAAGACGGA-1,1x16,1,16,9
AACGTGATAAGGTACA-1,1x17,1,17,9
AACGTGATACAAGCTA-1,1x10,1,10,6
AACGTGATACACAGAA-1,1x18,1,18,9
AACGTGATACAGCAGA-1,1x19,1,19,9
AACGTGATACATTGGC-1,1x6,1,6,6
AACGTGATACCACTGT-1,1x5,1,5,6
AACGTGATACCTCCAA-1,1x20,1,20,9
AACGTGATACGCTCGA-1,1x21,1,21,9
AACGTGATACGTATCA-1,1x22,1,22,2
AACGTGATACTATGCA-1,1x23,1,23,9
AACGTGATAGAGTCAA-1,1x24,1,24,3
AACGTGATAGATCGCA-1,1x25,1,25,9
AACGTGATAGCAGGAA-1,1x26,1,26,9
AACGTGATAGTACAAG-1,1x12,1,12,9
AACGTGATAGTCACTA-1,1x27,1,27,9
AACGTGATAGTGGTCA-1,1x4,1,4,3
AACGTGATATCCTGTA-1,1x28,1,28,9
AACGTGATATGCCTAA-1,1x3,1,3,6
AACGTGATATTGAGGA-1,1x29,1,29,2
AACGTGATCAACCACA-1,1x30,1,30,9
AACGTGATCAATGGAA-1,1x32,1,32,1
AACGTGATCACTTCGA-1,1x33,1,33,9
AACGTGATCAGATCTG-1,1x7,1,7,6
AACGTGATCAGCGTTA-1,1x34,1,34,9
AACGTGATCATACCAA-1,1x35,1,35,9
AACGTGATCATCAAGT-1,1x8,1,8,6
AACGTGATCCAGTTCA-1,1x36,1,36,9
AACGTGATCCGAAGTA-1,1x37,1,37,9
AACGTGATCCGTGAGA-1,1x38,1,38,9
AACGTGATCCTCCTGA-1,1x39,1,39,9
AACGTGATCGAACTTA-1,1x40,1,40,9
AACGTGATCGACTGGA-1,1x41,1,41,9
AACGTGATCGCTGATC-1,1x9,1,9,6
AACGTGATCTGTAGCC-1,1x11,1,11,6
AACGTGATGACTAGTA-1,1x31,1,31,5
AAGACGGAAAACATCG-1,16x2,16,2,3
AAGACGGAAACAACCA-1,16x13,16,13,7
AAGACGGAAACCGAGA-1,16x14,16,14,0
AAGACGGAAACGCTTA-1,16x15,16,15,3
AAGACGGAAAGACGGA-1,16x16,16,16,5
AAGACGGAAAGGTACA-1,16x17,16,17,9
AAGACGGAACAAGCTA-1,16x10,16,10,6
AAGACGGAACACAGAA-1,16x18,16,18,9
AAGACGGAACAGCAGA-1,16x19,16,19,5
AAGACGGAACATTGGC-1,16x6,16,6,1
AAGACGGAACCACTGT-1,16x5,16,5,1
AAGACGGAACCTCCAA-1,16x20,16,20,8
AAGACGGAACGCTCGA-1,16x21,16,21,5
AAGACGGAACGTATCA-1,16x22,16,22,5
AAGACGGAACTATGCA-1,16x23,16,23,1
AAGACGGAAGAGTCAA-1,16x24,16,24,7
AAGACGGAAGATCGCA-1,16x25,16,25,2
AAGACGGAAGCAGGAA-1,16x26,16,26,2
AAGACGGAAGTACAAG-1,16x12,16,12,3
AAGACGGAAGTCACTA-1,16x27,16,27,3
AAGACGGAAGTGGTCA-1,16x4,16,4,7
AAGACGGAATCCTGTA-1,16x28,16,28,2
AAGACGGAATGCCTAA-1,16x3,16,3,0
AAGACGGAATTGAGGA-1,16x29,16,29,2
AAGACGGACAACCACA-1,16x30,16,30,2
AAGACGGACAAGACTA-1,16x47,16,47,3
AAGACGGACAATGGAA-1,16x32,16,32,2
AAGACGGACACTTCGA-1,16x33,16,33,3
AAGACGGACAGATCTG-1,16x7,16,7,1
AAGACGGACAGCGTTA-1,16x34,16,34,2
AAGACGGACATACCAA-1,16x35,16,35,2
AAGACGGACATCAAGT-1,16x8,16,8,1
AAGACGGACCAGTTCA-1,16x36,16,36,2
AAGACGGACCGAAGTA-1,16x37,16,37,2
AAGACGGACCGTGAGA-1,16x38,16,38,8
AAGACGGACCTCCTGA-1,16x39,16,39,1
AAGACGGACGAACTTA-1,16x40,16,40,7
AAGACGGACGACTGGA-1,16x41,16,41,9
AAGACGGACGCATACA-1,16x42,16,42,3
AAGACGGACGCTGATC-1,16x9,16,9,0
AAGACGGACTCAATGA-1,16x43,16,43,3
AAGACGGACTGAGCCA-1,16x44,16,44,8
AAGACGGACTGGCATA-1,16x45,16,45,1
AAGACGGACTGTAGCC-1,16x11,16,11,6
AAGACGGAGAATCTGA-1,16x46,16,46,3
AAGACGGAGACTAGTA-1,16x31,16,31,1
AAGACGGAGAGCTGAA-1,16x48,16,48,3
AAGGTACAAAACATCG-1,17x2,17,2,5
AAGGTACAAACAACCA-1,17x13,17,13,5
AAGGTACAAACCGAGA-1,17x14,17,14,6
AAGGTACAAACGCTTA-1,17x15,17,15,0
AAGGTACAAAGACGGA-1,17x16,17,16,7
AAGGTACAAAGGTACA-1,17x17,17,17,7
AAGGTACAACAAGCTA-1,17x10,17,10,0
AAGGTACAACACAGAA-1,17x18,17,18,2
AAGGTACAACAGCAGA-1,17x19,17,19,2
AAGGTACAACATTGGC-1,17x6,17,6,1
AAGGTACAACCACTGT-1,17x5,17,5,1
AAGGTACAACCTCCAA-1,17x20,17,20,2
AAGGTACAACGCTCGA-1,17x21,17,21,8
AAGGTACAACGTATCA-1,17x22,17,22,1
AAGGTACAACTATGCA-1,17x23,17,23,5
AAGGTACAAGAGTCAA-1,17x24,17,24,2
AAGGTACAAGATCGCA-1,17x25,17,25,2
AAGGTACAAGCAGGAA-1,17x26,17,26,2
AAGGTACAAGTACAAG-1,17x12,17,12,3
AAGGTACAAGTCACTA-1,17x27,17,27,2
AAGGTACAAGTGGTCA-1,17x4,17,4,7
AAGGTACAATCCTGTA-1,17x28,17,28,2
AAGGTACAATGCCTAA-1,17x3,17,3,0
AAGGTACAATTGAGGA-1,17x29,17,29,3
AAGGTACACAACCACA-1,17x30,17,30,2
AAGGTACACAAGACTA-1,17x47,17,47,8
AAGGTACACAATGGAA-1,17x32,17,32,1
AAGGTACACACTTCGA-1,17x33,17,33,1
AAGGTACACAGATCTG-1,17x7,17,7,1
AAGGTACACAGCGTTA-1,17x34,17,34,2
AAGGTACACATACCAA-1,17x35,17,35,1
AAGGTACACATCAAGT-1,17x8,17,8,1
AAGGTACACCAGTTCA-1,17x36,17,36,3
AAGGTACACCGAAGTA-1,17x37,17,37,5
AAGGTACACCGTGAGA-1,17x38,17,38,7
AAGGTACACCTCCTGA-1,17x39,17,39,5
AAGGTACACGAACTTA-1,17x40,17,40,2
AAGGTACACGACTGGA-1,17x41,17,41,1
AAGGTACACGCATACA-1,17x42,17,42,2
AAGGTACACGCTGATC-1,17x9,17,9,1
AAGGTACACTCAATGA-1,17x43,17,43,8
AAGGTACACTGAGCCA-1,17x44,17,44,1
AAGGTACACTGGCATA-1,17x45,17,45,3
AAGGTACACTGTAGCC-1,17x11,17,11,0
AAGGTACAGAATCTGA-1,17x46,17,46,2
AAGGTACAGACTAGTA-1,17x31,17,31,1
AAGGTACAGAGCTGAA-1,17x48,17,48,1
ACAAGCTAAAACATCG-1,10x2,10,2,1
ACAAGCTAAACAACCA-1,10x13,10,13,0
ACAAGCTAAACCGAGA-1,10x14,10,14,5
ACAAGCTAAACGCTTA-1,10x15,10,15,7
ACAAGCTAAAGACGGA-1,10x16,10,16,9
ACAAGCTAAAGGTACA-1,10x17,10,17,9
ACAAGCTAACAAGCTA-1,10x10,10,10,5
ACAAGCTAACACAGAA-1,10x18,10,18,9
ACAAGCTAACAGCAGA-1,10x19,10,19,9
ACAAGCTAACATTGGC-1,10x6,10,6,8
ACAAGCTAACCACTGT-1,10x5,10,5,1
ACAAGCTAACCTCCAA-1,10x20,10,20,2
ACAAGCTAACGCTCGA-1,10x21,10,21,2
ACAAGCTAACGTATCA-1,10x22,10,22,2
ACAAGCTAACTATGCA-1,10x23,10,23,2
ACAAGCTAAGAGTCAA-1,10x24,10,24,2
ACAAGCTAAGATCGCA-1,10x25,10,25,2
ACAAGCTAAGCAGGAA-1,10x26,10,26,2
ACAAGCTAAGTACAAG-1,10x12,10,12,3
ACAAGCTAAGTCACTA-1,10x27,10,27,2
ACAAGCTAAGTGGTCA-1,10x4,10,4,2
ACAAGCTAATCCTGTA-1,10x28,10,28,2
ACAAGCTAATGCCTAA-1,10x3,10,3,1
ACAAGCTAATTGAGGA-1,10x29,10,29,2
ACAAGCTACAACCACA-1,10x30,10,30,2
ACAAGCTACAAGACTA-1,10x47,10,47,3
ACAAGCTACAATGGAA-1,10x32,10,32,2
ACAAGCTACACTTCGA-1,10x33,10,33,2
ACAAGCTACAGATCTG-1,10x7,10,7,6
ACAAGCTACAGCGTTA-1,10x34,10,34,2
ACAAGCTACATACCAA-1,10x35,10,35,2
ACAAGCTACATCAAGT-1,10x8,10,8,0
ACAAGCTACCAGTTCA-1,10x36,10,36,2
ACAAGCTACCGAAGTA-1,10x37,10,37,2
ACAAGCTACCGTGAGA-1,10x38,10,38,2
ACAAGCTACCTCCTGA-1,10x39,10,39,8
ACAAGCTACGAACTTA-1,10x40,10,40,2
ACAAGCTACGACTGGA-1,10x41,10,41,3
ACAAGCTACGCATACA-1,10x42,10,42,8
ACAAGCTACGCTGATC-1,10x9,10,9,0
ACAAGCTACTCAATGA-1,10x43,10,43,2
ACAAGCTACTGAGCCA-1,10x44,10,44,2
ACAAGCTACTGGCATA-1,10x45,10,45,2
ACAAGCTACTGTAGCC-1,10x11,10,11,3
ACAAGCTAGAATCTGA-1,10x46,10,46,3
ACAAGCTAGACTAGTA-1,10x31,10,31,2
ACACAGAAAAACATCG-1,18x2,18,2,7
ACACAGAAAACAACCA-1,18x13,18,13,5
ACACAGAAAACCGAGA-1,18x14,18,14,6
ACACAGAAAACGCTTA-1,18x15,18,15,6
ACACAGAAAAGACGGA-1,18x16,18,16,6
ACACAGAAAAGGTACA-1,18x17,18,17,7
ACACAGAAACAAGCTA-1,18x10,18,10,6
ACACAGAAACACAGAA-1,18x18,18,18,8
ACACAGAAACAGCAGA-1,18x19,18,19,1
ACACAGAAACATTGGC-1,18x6,18,6,1
ACACAGAAACCACTGT-1,18x5,18,5,1
ACACAGAAACCTCCAA-1,18x20,18,20,7
ACACAGAAACGCTCGA-1,18x21,18,21,0
ACACAGAAACGTATCA-1,18x22,18,22,5
ACACAGAAACTATGCA-1,18x23,18,23,2
ACACAGAAAGAGTCAA-1,18x24,18,24,2
ACACAGAAAGATCGCA-1,18x25,18,25,2
ACACAGAAAGCAGGAA-1,18x26,18,26,2
ACACAGAAAGTACAAG-1,18x12,18,12,5
ACACAGAAAGTCACTA-1,18x27,18,27,2
ACACAGAAAGTGGTCA-1,18x4,18,4,5
ACACAGAAATCCTGTA-1,18x28,18,28,2
ACACAGAAATGCCTAA-1,18x3,18,3,8
ACACAGAAATTGAGGA-1,18x29,18,29,2
ACACAGAACAACCACA-1,18x30,18,30,3
ACACAGAACAAGACTA-1,18x47,18,47,7
ACACAGAACAATGGAA-1,18x32,18,32,8
ACACAGAACACTTCGA-1,18x33,18,33,8
ACACAGAACAGATCTG-1,18x7,18,7,1
ACACAGAACAGCGTTA-1,18x34,18,34,1
ACACAGAACATACCAA-1,18x35,18,35,2
ACACAGAACATCAAGT-1,18x8,18,8,5
ACACAGAACCAGTTCA-1,18x36,18,36,2
ACACAGAACCGAAGTA-1,18x37,18,37,2
ACACAGAACCGTGAGA-1,18x38,18,38,8
ACACAGAACCTCCTGA-1,18x39,18,39,5
ACACAGAACGAACTTA-1,18x40,18,40,2
ACACAGAACGACTGGA-1,18x41,18,41,7
ACACAGAACGCATACA-1,18x42,18,42,8
ACACAGAACGCTGATC-1,18x9,18,9,0
ACACAGAACTCAATGA-1,18x43,18,43,7
ACACAGAACTGAGCCA-1,18x44,18,44,5
ACACAGAACTGGCATA-1,18x45,18,45,3
ACACAGAACTGTAGCC-1,18x11,18,11,5
ACACAGAAGAATCTGA-1,18x46,18,46,8
ACACAGAAGACTAGTA-1,18x31,18,31,1
ACAGCAGAAAACATCG-1,19x2,19,2,0
ACAGCAGAAACAACCA-1,19x13,19,13,7
ACAGCAGAAACCGAGA-1,19x14,19,14,0
ACAGCAGAAACGCTTA-1,19x15,19,15,6
ACAGCAGAAAGACGGA-1,19x16,19,16,6
ACAGCAGAAAGGTACA-1,19x17,19,17,6
ACAGCAGAACAAGCTA-1,19x10,19,10,4
ACAGCAGAACACAGAA-1,19x18,19,18,5
ACAGCAGAACAGCAGA-1,19x19,19,19,7
ACAGCAGAACATTGGC-1,19x6,19,6,1
ACAGCAGAACCACTGT-1,19x5,19,5,2
ACAGCAGAACCTCCAA-1,19x20,19,20,5
ACAGCAGAACGCTCGA-1,19x21,19,21,2
ACAGCAGAACGTATCA-1,19x22,19,22,2
ACAGCAGAACTATGCA-1,19x23,19,23,2
ACAGCAGAAGAGTCAA-1,19x24,19,24,2
ACAGCAGAAGATCGCA-1,19x25,19,25,2
ACAGCAGAAGCAGGAA-1,19x26,19,26,2
ACAGCAGAAGTACAAG-1,19x12,19,12,5
ACAGCAGAAGTCACTA-1,19x27,19,27,7
ACAGCAGAAGTGGTCA-1,19x4,19,4,8
ACAGCAGAATCCTGTA-1,19x28,19,28,2
ACAGCAGAATGCCTAA-1,19x3,19,3,6
ACAGCAGAATTGAGGA-1,19x29,19,29,5
ACAGCAGACAACCACA-1,19x30,19,30,2
ACAGCAGACAAGACTA-1,19x47,19,47,7
ACAGCAGACAATGGAA-1,19x32,19,32,2
ACAGCAGACACTTCGA-1,19x33,19,33,2
ACAGCAGACAGATCTG-1,19x7,19,7,1
ACAGCAGACAGCGTTA-1,19x34,19,34,2
ACAGCAGACATACCAA-1,19x35,19,35,2
ACAGCAGACATCAAGT-1,19x8,19,8,0
ACAGCAGACCAGTTCA-1,19x36,19,36,2
ACAGCAGACCGAAGTA-1,19x37,19,37,2
ACAGCAGACCGTGAGA-1,19x38,19,38,2
ACAGCAGACCTCCTGA-1,19x39,19,39,1
ACAGCAGACGAACTTA-1,19x40,19,40,2
ACAGCAGACGACTGGA-1,19x41,19,41,7
ACAGCAGACGCATACA-1,19x42,19,42,3
ACAGCAGACGCTGATC-1,19x9,19,9,0
ACAGCAGACTCAATGA-1,19x43,19,43,8
ACAGCAGACTGAGCCA-1,19x44,19,44,7
ACAGCAGACTGGCATA-1,19x45,19,45,5
ACAGCAGACTGTAGCC-1,19x11,19,11,5
ACAGCAGAGAATCTGA-1,19x46,19,46,3
ACAGCAGAGACTAGTA-1,19x31,19,31,7
ACATTGGCAAACATCG-1,6x2,6,2,0
ACATTGGCAACAACCA-1,6x13,6,13,6
ACATTGGCAACCGAGA-1,6x14,6,14,0
ACATTGGCAACGCTTA-1,6x15,6,15,0
ACATTGGCAAGACGGA-1,6x16,6,16,5
ACATTGGCAAGGTACA-1,6x17,6,17,7
ACATTGGCACAAGCTA-1,6x10,6,10,3
ACATTGGCACACAGAA-1,6x18,6,18,8
ACATTGGCACAGCAGA-1,6x19,6,19,5
ACATTGGCACATTGGC-1,6x6,6,6,1
ACATTGGCACCACTGT-1,6x5,6,5,0
ACATTGGCACCTCCAA-1,6x20,6,20,5
ACATTGGCACGCTCGA-1,6x21,6,21,2
ACATTGGCACGTATCA-1,6x22,6,22,2
ACATTGGCACTATGCA-1,6x23,6,23,2
ACATTGGCAGAGTCAA-1,6x24,6,24,2
ACATTGGCAGATCGCA-1,6x25,6,25,7
ACATTGGCAGCAGGAA-1,6x26,6,26,2
ACATTGGCAGTACAAG-1,6x12,6,12,6
ACATTGGCAGTCACTA-1,6x27,6,27,2
ACATTGGCAGTGGTCA-1,6x4,6,4,2
ACATTGGCATCCTGTA-1,6x28,6,28,8
ACATTGGCATGCCTAA-1,6x3,6,3,6
ACATTGGCATTGAGGA-1,6x29,6,29,2
ACATTGGCCAACCACA-1,6x30,6,30,3
ACATTGGCCAATGGAA-1,6x32,6,32,2
ACATTGGCCACTTCGA-1,6x33,6,33,2
ACATTGGCCAGATCTG-1,6x7,6,7,7
ACATTGGCCAGCGTTA-1,6x34,6,34,2
ACATTGGCCATACCAA-1,6x35,6,35,2
ACATTGGCCATCAAGT-1,6x8,6,8,0
ACATTGGCCCAGTTCA-1,6x36,6,36,2
ACATTGGCCCGAAGTA-1,6x37,6,37,3
ACATTGGCCCGTGAGA-1,6x38,6,38,2
ACATTGGCCCTCCTGA-1,6x39,6,39,9
ACATTGGCCGAACTTA-1,6x40,6,40,3
ACATTGGCCGACTGGA-1,6x41,6,41,5
ACATTGGCCGCATACA-1,6x42,6,42,5
ACATTGGCCGCTGATC-1,6x9,6,9,0
ACATTGGCCTCAATGA-1,6x43,6,43,3
ACATTGGCCTGAGCCA-1,6x44,6,44,3
ACATTGGCCTGGCATA-1,6x45,6,45,3
ACATTGGCCTGTAGCC-1,6x11,6,11,6
ACATTGGCGAATCTGA-1,6x46,6,46,2
ACATTGGCGACTAGTA-1,6x31,6,31,2
ACCACTGTAAACATCG-1,5x2,5,2,4
ACCACTGTAACAACCA-1,5x13,5,13,6
ACCACTGTAACCGAGA-1,5x14,5,14,5
ACCACTGTAACGCTTA-1,5x15,5,15,7
ACCACTGTAAGACGGA-1,5x16,5,16,7
ACCACTGTAAGGTACA-1,5x17,5,17,2
ACCACTGTACAAGCTA-1,5x10,5,10,6
ACCACTGTACACAGAA-1,5x18,5,18,5
ACCACTGTACAGCAGA-1,5x19,5,19,3
ACCACTGTACATTGGC-1,5x6,5,6,1
ACCACTGTACCACTGT-1,5x5,5,5,0
ACCACTGTACCTCCAA-1,5x20,5,20,2
ACCACTGTACGCTCGA-1,5x21,5,21,2
ACCACTGTACGTATCA-1,5x22,5,22,2
ACCACTGTACTATGCA-1,5x23,5,23,3
ACCACTGTAGAGTCAA-1,5x24,5,24,7
ACCACTGTAGATCGCA-1,5x25,5,25,2
ACCACTGTAGCAGGAA-1,5x26,5,26,2
ACCACTGTAGTACAAG-1,5x12,5,12,6
ACCACTGTAGTCACTA-1,5x27,5,27,2
ACCACTGTAGTGGTCA-1,5x4,5,4,1
ACCACTGTATCCTGTA-1,5x28,5,28,1
ACCACTGTATGCCTAA-1,5x3,5,3,0
ACCACTGTATTGAGGA-1,5x29,5,29,2
ACCACTGTCAACCACA-1,5x30,5,30,2
ACCACTGTCAATGGAA-1,5x32,5,32,8
ACCACTGTCACTTCGA-1,5x33,5,33,2
ACCACTGTCAGATCTG-1,5x7,5,7,0
ACCACTGTCAGCGTTA-1,5x34,5,34,8
ACCACTGTCATACCAA-1,5x35,5,35,2
ACCACTGTCATCAAGT-1,5x8,5,8,0
ACCACTGTCCAGTTCA-1,5x36,5,36,2
ACCACTGTCCGAAGTA-1,5x37,5,37,2
ACCACTGTCCGTGAGA-1,5x38,5,38,2
ACCACTGTCCTCCTGA-1,5x39,5,39,2
ACCACTGTCGAACTTA-1,5x40,5,40,3
ACCACTGTCGACTGGA-1,5x41,5,41,3
ACCACTGTCGCATACA-1,5x42,5,42,8
ACCACTGTCGCTGATC-1,5x9,5,9,4
ACCACTGTCTCAATGA-1,5x43,5,43,3
ACCACTGTCTGAGCCA-1,5x44,5,44,3
ACCACTGTCTGGCATA-1,5x45,5,45,5
ACCACTGTCTGTAGCC-1,5x11,5,11,6
ACCACTGTGACTAGTA-1,5x31,5,31,2
ACCTCCAAAAACATCG-1,20x2,20,2,4
ACCTCCAAAACAACCA-1,20x13,20,13,5
ACCTCCAAAACCGAGA-1,20x14,20,14,0
ACCTCCAAAACGCTTA-1,20x15,20,15,6
ACCTCCAAAAGACGGA-1,20x16,20,16,6
ACCTCCAAAAGGTACA-1,20x17,20,17,6
ACCTCCAAACAAGCTA-1,20x10,20,10,0
ACCTCCAAACACAGAA-1,20x18,20,18,2
ACCTCCAAACAGCAGA-1,20x19,20,19,1
ACCTCCAAACATTGGC-1,20x6,20,6,7
ACCTCCAAACCACTGT-1,20x5,20,5,1
ACCTCCAAACCTCCAA-1,20x20,20,20,2
ACCTCCAAACGCTCGA-1,20x21,20,21,2
ACCTCCAAACGTATCA-1,20x22,20,22,5
ACCTCCAAACTATGCA-1,20x23,20,23,2
ACCTCCAAAGAGTCAA-1,20x24,20,24,5
ACCTCCAAAGATCGCA-1,20x25,20,25,2
ACCTCCAAAGCAGGAA-1,20x26,20,26,2
ACCTCCAAAGTACAAG-1,20x12,20,12,3
ACCTCCAAAGTCACTA-1,20x27,20,27,2
ACCTCCAAAGTGGTCA-1,20x4,20,4,8
ACCTCCAAATCCTGTA-1,20x28,20,28,5
ACCTCCAAATGCCTAA-1,20x3,20,3,0
ACCTCCAAATTGAGGA-1,20x29,20,29,2
ACCTCCAACAACCACA-1,20x30,20,30,2
ACCTCCAACAAGACTA-1,20x47,20,47,1
ACCTCCAACAATGGAA-1,20x32,20,32,2
ACCTCCAACACTTCGA-1,20x33,20,33,1
ACCTCCAACAGATCTG-1,20x7,20,7,1
ACCTCCAACAGCGTTA-1,20x34,20,34,1
ACCTCCAACATACCAA-1,20x35,20,35,7
ACCTCCAACATCAAGT-1,20x8,20,8,3
ACCTCCAACCAGTTCA-1,20x36,20,36,2
ACCTCCAACCGAAGTA-1,20x37,20,37,5
ACCTCCAACCGTGAGA-1,20x38,20,38,5
ACCTCCAACCTCCTGA-1,20x39,20,39,8
ACCTCCAACGAACTTA-1,20x40,20,40,7
ACCTCCAACGACTGGA-1,20x41,20,41,2
ACCTCCAACGCATACA-1,20x42,20,42,1
ACCTCCAACGCTGATC-1,20x9,20,9,6
ACCTCCAACTCAATGA-1,20x43,20,43,2
ACCTCCAACTGAGCCA-1,20x44,20,44,3
ACCTCCAACTGGCATA-1,20x45,20,45,5
ACCTCCAACTGTAGCC-1,20x11,20,11,3
ACCTCCAAGAATCTGA-1,20x46,20,46,0
ACCTCCAAGACTAGTA-1,20x31,20,31,2
ACGCTCGAAAACATCG-1,21x2,21,2,8
ACGCTCGAAACAACCA-1,21x13,21,13,5
ACGCTCGAAACCGAGA-1,21x14,21,14,0
ACGCTCGAAACGCTTA-1,21x15,21,15,6
ACGCTCGAAAGACGGA-1,21x16,21,16,6
ACGCTCGAAAGGTACA-1,21x17,21,17,6
ACGCTCGAACAAGCTA-1,21x10,21,10,7
ACGCTCGAACACAGAA-1,21x18,21,18,0
ACGCTCGAACAGCAGA-1,21x19,21,19,2
ACGCTCGAACATTGGC-1,21x6,21,6,1
ACGCTCGAACCACTGT-1,21x5,21,5,1
ACGCTCGAACCTCCAA-1,21x20,21,20,8
ACGCTCGAACGCTCGA-1,21x21,21,21,2
ACGCTCGAACGTATCA-1,21x22,21,22,2
ACGCTCGAACTATGCA-1,21x23,21,23,2
ACGCTCGAAGAGTCAA-1,21x24,21,24,2
ACGCTCGAAGATCGCA-1,21x25,21,25,8
ACGCTCGAAGCAGGAA-1,21x26,21,26,2
ACGCTCGAAGTACAAG-1,21x12,21,12,5
ACGCTCGAAGTCACTA-1,21x27,21,27,5
ACGCTCGAAGTGGTCA-1,21x4,21,4,5
ACGCTCGAATCCTGTA-1,21x28,21,28,2
ACGCTCGAATGCCTAA-1,21x3,21,3,0
ACGCTCGAATTGAGGA-1,21x29,21,29,5
ACGCTCGACAACCACA-1,21x30,21,30,5
ACGCTCGACAAGACTA-1,21x47,21,47,1
ACGCTCGACAATGGAA-1,21x32,21,32,2
ACGCTCGACACTTCGA-1,21x33,21,33,3
ACGCTCGACAGATCTG-1,21x7,21,7,1
ACGCTCGACAGCGTTA-1,21x34,21,34,2
ACGCTCGACATACCAA-1,21x35,21,35,3
ACGCTCGACATCAAGT-1,21x8,21,8,0
ACGCTCGACCAGTTCA-1,21x36,21,36,2
ACGCTCGACCGAAGTA-1,21x37,21,37,2
ACGCTCGACCGTGAGA-1,21x38,21,38,2
ACGCTCGACCTCCTGA-1,21x39,21,39,2
ACGCTCGACGAACTTA-1,21x40,21,40,1
ACGCTCGACGACTGGA-1,21x41,21,41,3
ACGCTCGACGCATACA-1,21x42,21,42,8
ACGCTCGACGCTGATC-1,21x9,21,9,6
ACGCTCGACTCAATGA-1,21x43,21,43,1
ACGCTCGACTGAGCCA-1,21x44,21,44,7
ACGCTCGACTGGCATA-1,21x45,21,45,3
ACGCTCGACTGTAGCC-1,21x11,21,11,7
ACGCTCGAGAATCTGA-1,21x46,21,46,0
ACGCTCGAGACTAGTA-1,21x31,21,31,2
ACGCTCGAGAGCTGAA-1,21x48,21,48,7
ACGTATCAAAACATCG-1,22x2,22,2,3
ACGTATCAAACAACCA-1,22x13,22,13,3
ACGTATCAAACCGAGA-1,22x14,22,14,0
ACGTATCAAACGCTTA-1,22x15,22,15,6
ACGTATCAAAGACGGA-1,22x16,22,16,6
ACGTATCAAAGGTACA-1,22x17,22,17,6
ACGTATCAACAAGCTA-1,22x10,22,10,3
ACGTATCAACACAGAA-1,22x18,22,18,8
ACGTATCAACAGCAGA-1,22x19,22,19,5
ACGTATCAACATTGGC-1,22x6,22,6,1
ACGTATCAACCACTGT-1,22x5,22,5,1
ACGTATCAACCTCCAA-1,22x20,22,20,2
ACGTATCAACGCTCGA-1,22x21,22,21,8
ACGTATCAACGTATCA-1,22x22,22,22,2
ACGTATCAACTATGCA-1,22x23,22,23,8
ACGTATCAAGAGTCAA-1,22x24,22,24,1
ACGTATCAAGATCGCA-1,22x25,22,25,2
ACGTATCAAGCAGGAA-1,22x26,22,26,5
ACGTATCAAGTACAAG-1,22x12,22,12,8
ACGTATCAAGTCACTA-1,22x27,22,27,3
ACGTATCAAGTGGTCA-1,22x4,22,4,8
ACGTATCAATCCTGTA-1,22x28,22,28,5
ACGTATCAATGCCTAA-1,22x3,22,3,0
ACGTATCAATTGAGGA-1,22x29,22,29,5
ACGTATCACAACCACA-1,22x30,22,30,1
ACGTATCACAAGACTA-1,22x47,22,47,8
ACGTATCACAATGGAA-1,22x32,22,32,2
ACGTATCACACTTCGA-1,22x33,22,33,2
ACGTATCACAGATCTG-1,22x7,22,7,7
ACGTATCACAGCGTTA-1,22x34,22,34,1
ACGTATCACATACCAA-1,22x35,22,35,3
ACGTATCACATCAAGT-1,22x8,22,8,6
ACGTATCACCAGTTCA-1,22x36,22,36,8
ACGTATCACCGAAGTA-1,22x37,22,37,5
ACGTATCACCGTGAGA-1,22x38,22,38,1
ACGTATCACCTCCTGA-1,22x39,22,39,3
ACGTATCACGAACTTA-1,22x40,22,40,2
ACGTATCACGACTGGA-1,22x41,22,41,1
ACGTATCACGCATACA-1,22x42,22,42,3
ACGTATCACGCTGATC-1,22x9,22,9,0
ACGTATCACTCAATGA-1,22x43,22,43,7
ACGTATCACTGAGCCA-1,22x44,22,44,2
ACGTATCACTGGCATA-1,22x45,22,45,1
ACGTATCACTGTAGCC-1,22x11,22,11,1
ACGTATCAGAATCTGA-1,22x46,22,46,5
ACGTATCAGACTAGTA-1,22x31,22,31,2
ACGTATCAGAGCTGAA-1,22x48,22,48,7
ACTATGCAAAACATCG-1,23x2,23,2,1
ACTATGCAAACAACCA-1,23x13,23,13,5
ACTATGCAAACCGAGA-1,23x14,23,14,6
ACTATGCAAACGCTTA-1,23x15,23,15,6
ACTATGCAAAGACGGA-1,23x16,23,16,6
ACTATGCAAAGGTACA-1,23x17,23,17,6
ACTATGCAACAAGCTA-1,23x10,23,10,2
ACTATGCAACACAGAA-1,23x18,23,18,8
ACTATGCAACAGCAGA-1,23x19,23,19,2
ACTATGCAACATTGGC-1,23x6,23,6,1
ACTATGCAACCACTGT-1,23x5,23,5,1
ACTATGCAACCTCCAA-1,23x20,23,20,2
ACTATGCAACGCTCGA-1,23x21,23,21,7
ACTATGCAACGTATCA-1,23x22,23,22,8
ACTATGCAACTATGCA-1,23x23,23,23,3
ACTATGCAAGAGTCAA-1,23x24,23,24,2
ACTATGCAAGATCGCA-1,23x25,23,25,1
ACTATGCAAGCAGGAA-1,23x26,23,26,3
ACTATGCAAGTACAAG-1,23x12,23,12,7
ACTATGCAAGTCACTA-1,23x27,23,27,3
ACTATGCAAGTGGTCA-1,23x4,23,4,3
ACTATGCAATCCTGTA-1,23x28,23,28,8
ACTATGCAATGCCTAA-1,23x3,23,3,1
ACTATGCAATTGAGGA-1,23x29,23,29,1
ACTATGCACAACCACA-1,23x30,23,30,2
ACTATGCACAAGACTA-1,23x47,23,47,2
ACTATGCACAATGGAA-1,23x32,23,32,1
ACTATGCACACTTCGA-1,23x33,23,33,5
ACTATGCACAGATCTG-1,23x7,23,7,3
ACTATGCACAGCGTTA-1,23x34,23,34,7
ACTATGCACATACCAA-1,23x35,23,35,2
ACTATGCACATCAAGT-1,23x8,23,8,6
ACTATGCACCAGTTCA-1,23x36,23,36,3
ACTATGCACCGAAGTA-1,23x37,23,37,3
ACTATGCACCGTGAGA-1,23x38,23,38,1
ACTATGCACCTCCTGA-1,23x39,23,39,7
ACTATGCACGAACTTA-1,23x40,23,40,2
ACTATGCACGACTGGA-1,23x41,23,41,1
ACTATGCACGCATACA-1,23x42,23,42,2
ACTATGCACGCTGATC-1,23x9,23,9,7
ACTATGCACTCAATGA-1,23x43,23,43,8
ACTATGCACTGAGCCA-1,23x44,23,44,1
ACTATGCACTGGCATA-1,23x45,23,45,5
ACTATGCACTGTAGCC-1,23x11,23,11,5
ACTATGCAGAATCTGA-1,23x46,23,46,1
ACTATGCAGACTAGTA-1,23x31,23,31,2
ACTATGCAGAGCTGAA-1,23x48,23,48,3
ACTATGCAGATAGACA-1,23x49,23,49,3
AGAGTCAAAAACATCG-1,24x2,24,2,3
AGAGTCAAAACAACCA-1,24x13,24,13,0
AGAGTCAAAACCGAGA-1,24x14,24,14,6
AGAGTCAAAACGCTTA-1,24x15,24,15,6
AGAGTCAAAAGACGGA-1,24x16,24,16,0
AGAGTCAAAAGGTACA-1,24x17,24,17,6
AGAGTCAAACAAGCTA-1,24x10,24,10,3
AGAGTCAAACACAGAA-1,24x18,24,18,7
AGAGTCAAACAGCAGA-1,24x19,24,19,5
AGAGTCAAACATTGGC-1,24x6,24,6,7
AGAGTCAAACCACTGT-1,24x5,24,5,0
AGAGTCAAACCTCCAA-1,24x20,24,20,5
AGAGTCAAACGCTCGA-1,24x21,24,21,2
AGAGTCAAACGTATCA-1,24x22,24,22,5
AGAGTCAAACTATGCA-1,24x23,24,23,5
AGAGTCAAAGAGTCAA-1,24x24,24,24,2
AGAGTCAAAGATCGCA-1,24x25,24,25,2
AGAGTCAAAGCAGGAA-1,24x26,24,26,2
AGAGTCAAAGTACAAG-1,24x12,24,12,8
AGAGTCAAAGTCACTA-1,24x27,24,27,2
AGAGTCAAAGTGGTCA-1,24x4,24,4,7
AGAGTCAAATCCTGTA-1,24x28,24,28,3
AGAGTCAAATGCCTAA-1,24x3,24,3,0
AGAGTCAAATTGAGGA-1,24x29,24,29,2
AGAGTCAACAACCACA-1,24x30,24,30,7
AGAGTCAACAAGACTA-1,24x47,24,47,8
AGAGTCAACAATGGAA-1,24x32,24,32,2
AGAGTCAACACTTCGA-1,24x33,24,33,2
AGAGTCAACAGATCTG-1,24x7,24,7,0
AGAGTCAACAGCGTTA-1,24x34,24,34,1
AGAGTCAACATACCAA-1,24x35,24,35,1
AGAGTCAACATCAAGT-1,24x8,24,8,6
AGAGTCAACCAGTTCA-1,24x36,24,36,7
AGAGTCAACCGAAGTA-1,24x37,24,37,7
AGAGTCAACCGTGAGA-1,24x38,24,38,7
AGAGTCAACCTCCTGA-1,24x39,24,39,1
AGAGTCAACGAACTTA-1,24x40,24,40,1
AGAGTCAACGACTGGA-1,24x41,24,41,5
AGAGTCAACGCATACA-1,24x42,24,42,2
AGAGTCAACGCTGATC-1,24x9,24,9,0
AGAGTCAACTCAATGA-1,24x43,24,43,7
AGAGTCAACTGAGCCA-1,24x44,24,44,1
AGAGTCAACTGGCATA-1,24x45,24,45,3
AGAGTCAACTGTAGCC-1,24x11,24,11,7
AGAGTCAAGAATCTGA-1,24x46,24,46,5
AGAGTCAAGACTAGTA-1,24x31,24,31,7
AGAGTCAAGAGCTGAA-1,24x48,24,48,3
AGAGTCAAGATAGACA-1,24x49,24,49,5
AGATCGCAAAACATCG-1,25x2,25,2,3
AGATCGCAAACAACCA-1,25x13,25,13,7
AGATCGCAAACCGAGA-1,25x14,25,14,6
AGATCGCAAACGCTTA-1,25x15,25,15,6
AGATCGCAAAGACGGA-1,25x16,25,16,6
AGATCGCAAAGGTACA-1,25x17,25,17,6
AGATCGCAACAAGCTA-1,25x10,25,10,8
AGATCGCAACACAGAA-1,25x18,25,18,6
AGATCGCAACAGCAGA-1,25x19,25,19,2
AGATCGCAACATTGGC-1,25x6,25,6,1
AGATCGCAACCACTGT-1,25x5,25,5,8
AGATCGCAACCTCCAA-1,25x20,25,20,7
AGATCGCAACGCTCGA-1,25x21,25,21,2
AGATCGCAACGTATCA-1,25x22,25,22,7
AGATCGCAACTATGCA-1,25x23,25,23,5
AGATCGCAAGAGTCAA-1,25x24,25,24,3
AGATCGCAAGATCGCA-1,25x25,25,25,5
AGATCGCAAGCAGGAA-1,25x26,25,26,2
AGATCGCAAGTACAAG-1,25x12,25,12,7
AGATCGCAAGTCACTA-1,25x27,25,27,3
AGATCGCAAGTGGTCA-1,25x4,25,4,2
AGATCGCAATCCTGTA-1,25x28,25,28,2
AGATCGCAATGCCTAA-1,25x3,25,3,4
AGATCGCAATTGAGGA-1,25x29,25,29,2
AGATCGCACAACCACA-1,25x30,25,30,2
AGATCGCACAAGACTA-1,25x47,25,47,0
AGATCGCACAATGGAA-1,25x32,25,32,1
AGATCGCACACTTCGA-1,25x33,25,33,7
AGATCGCACAGATCTG-1,25x7,25,7,5
AGATCGCACAGCGTTA-1,25x34,25,34,1
AGATCGCACATACCAA-1,25x35,25,35,7
AGATCGCACATCAAGT-1,25x8,25,8,6
AGATCGCACCAGTTCA-1,25x36,25,36,1
AGATCGCACCGAAGTA-1,25x37,25,37,1
AGATCGCACCGTGAGA-1,25x38,25,38,7
AGATCGCACCTCCTGA-1,25x39,25,39,1
AGATCGCACGAACTTA-1,25x40,25,40,2
AGATCGCACGACTGGA-1,25x41,25,41,1
AGATCGCACGCATACA-1,25x42,25,42,1
AGATCGCACGCTGATC-1,25x9,25,9,7
AGATCGCACTCAATGA-1,25x43,25,43,5
AGATCGCACTGAGCCA-1,25x44,25,44,7
AGATCGCACTGGCATA-1,25x45,25,45,1
AGATCGCACTGTAGCC-1,25x11,25,11,3
AGATCGCAGAATCTGA-1,25x46,25,46,3
AGATCGCAGACTAGTA-1,25x31,25,31,8
AGATCGCAGAGCTGAA-1,25x48,25,48,3
AGATCGCAGATAGACA-1,25x49,25,49,7
AGCAGGAAAAACATCG-1,26x2,26,2,0
AGCAGGAAAACAACCA-1,26x13,26,13,5
AGCAGGAAAACCGAGA-1,26x14,26,14,6
AGCAGGAAAACGCTTA-1,26x15,26,15,6
AGCAGGAAAAGACGGA-1,26x16,26,16,6
AGCAGGAAAAGGTACA-1,26x17,26,17,6
AGCAGGAAACAAGCTA-1,26x10,26,10,3
AGCAGGAAACACAGAA-1,26x18,26,18,0
AGCAGGAAACAGCAGA-1,26x19,26,19,7
AGCAGGAAACATTGGC-1,26x6,26,6,1
AGCAGGAAACCACTGT-1,26x5,26,5,1
AGCAGGAAACCTCCAA-1,26x20,26,20,3
AGCAGGAAACGCTCGA-1,26x21,26,21,2
AGCAGGAAACGTATCA-1,26x22,26,22,8
AGCAGGAAACTATGCA-1,26x23,26,23,2
AGCAGGAAAGAGTCAA-1,26x24,26,24,5
AGCAGGAAAGATCGCA-1,26x25,26,25,2
AGCAGGAAAGCAGGAA-1,26x26,26,26,5
AGCAGGAAAGTACAAG-1,26x12,26,12,8
AGCAGGAAAGTCACTA-1,26x27,26,27,5
AGCAGGAAAGTGGTCA-1,26x4,26,4,2
AGCAGGAAATCCTGTA-1,26x28,26,28,2
AGCAGGAAATGCCTAA-1,26x3,26,3,0
AGCAGGAAATTGAGGA-1,26x29,26,29,3
AGCAGGAACAACCACA-1,26x30,26,30,2
AGCAGGAACAAGACTA-1,26x47,26,47,2
AGCAGGAACAATGGAA-1,26x32,26,32,2
AGCAGGAACACTTCGA-1,26x33,26,33,1
AGCAGGAACAGATCTG-1,26x7,26,7,0
AGCAGGAACAGCGTTA-1,26x34,26,34,8
AGCAGGAACATACCAA-1,26x35,26,35,1
AGCAGGAACATCAAGT-1,26x8,26,8,6
AGCAGGAACCAGTTCA-1,26x36,26,36,2
AGCAGGAACCGAAGTA-1,26x37,26,37,2
AGCAGGAACCGTGAGA-1,26x38,26,38,1
AGCAGGAACCTCCTGA-1,26x39,26,39,1
AGCAGGAACGAACTTA-1,26x40,26,40,1
AGCAGGAACGACTGGA-1,26x41,26,41,1
AGCAGGAACGCATACA-1,26x42,26,42,8
AGCAGGAACGCTGATC-1,26x9,26,9,7
AGCAGGAACTCAATGA-1,26x43,26,43,5
AGCAGGAACTGAGCCA-1,26x44,26,44,2
AGCAGGAACTGGCATA-1,26x45,26,45,1
AGCAGGAACTGTAGCC-1,26x11,26,11,1
AGCAGGAAGAATCTGA-1,26x46,26,46,2
AGCAGGAAGACTAGTA-1,26x31,26,31,7
AGCAGGAAGAGCTGAA-1,26x48,26,48,2
AGCAGGAAGATAGACA-1,26x49,26,49,2
AGTACAAGAAACATCG-1,12x2,12,2,5
AGTACAAGAACAACCA-1,12x13,12,13,3
AGTACAAGAACCGAGA-1,12x14,12,14,9
AGTACAAGAACGCTTA-1,12x15,12,15,9
AGTACAAGAAGACGGA-1,12x16,12,16,9
AGTACAAGAAGGTACA-1,12x17,12,17,9
AGTACAAGACAAGCTA-1,12x10,12,10,0
AGTACAAGACACAGAA-1,12x18,12,18,5
AGTACAAGACAGCAGA-1,12x19,12,19,2
AGTACAAGACATTGGC-1,12x6,12,6,1
AGTACAAGACCACTGT-1,12x5,12,5,1
AGTACAAGACCTCCAA-1,12x20,12,20,2
AGTACAAGACGCTCGA-1,12x21,12,21,2
AGTACAAGACGTATCA-1,12x22,12,22,5
AGTACAAGACTATGCA-1,12x23,12,23,2
AGTACAAGAGAGTCAA-1,12x24,12,24,2
AGTACAAGAGATCGCA-1,12x25,12,25,2
AGTACAAGAGCAGGAA-1,12x26,12,26,2
AGTACAAGAGTACAAG-1,12x12,12,12,7
AGTACAAGAGTCACTA-1,12x27,12,27,2
AGTACAAGAGTGGTCA-1,12x4,12,4,5
AGTACAAGATCCTGTA-1,12x28,12,28,2
AGTACAAGATGCCTAA-1,12x3,12,3,0
AGTACAAGATTGAGGA-1,12x29,12,29,5
AGTACAAGCAACCACA-1,12x30,12,30,2
AGTACAAGCAAGACTA-1,12x47,12,47,0
AGTACAAGCAATGGAA-1,12x32,12,32,2
AGTACAAGCACTTCGA-1,12x33,12,33,1
AGTACAAGCAGATCTG-1,12x7,12,7,1
AGTACAAGCAGCGTTA-1,12x34,12,34,3
AGTACAAGCATACCAA-1,12x35,12,35,2
AGTACAAGCATCAAGT-1,12x8,12,8,8
AGTACAAGCCAGTTCA-1,12x36,12,36,2
AGTACAAGCCGAAGTA-1,12x37,12,37,2
AGTACAAGCCGTGAGA-1,12x38,12,38,2
AGTACAAGCCTCCTGA-1,12x39,12,39,2
AGTACAAGCGAACTTA-1,12x40,12,40,2
AGTACAAGCGACTGGA-1,12x41,12,41,5
AGTACAAGCGCATACA-1,12x42,12,42,5
AGTACAAGCGCTGATC-1,12x9,12,9,6
AGTACAAGCTCAATGA-1,12x43,12,43,2
AGTACAAGCTGAGCCA-1,12x44,12,44,3
AGTACAAGCTGGCATA-1,12x45,12,45,2
AGTACAAGCTGTAGCC-1,12x11,12,11,5
AGTACAAGGAATCTGA-1,12x46,12,46,3
AGTACAAGGACTAGTA-1,12x31,12,31,8
AGTACAAGGAGCTGAA-1,12x48,12,48,5
AGTCACTAAAACATCG-1,27x2,27,2,0
AGTCACTAAACAACCA-1,27x13,27,13,5
AGTCACTAAACCGAGA-1,27x14,27,14,7
AGTCACTAAACGCTTA-1,27x15,27,15,6
AGTCACTAAAGACGGA-1,27x16,27,16,6
AGTCACTAAAGGTACA-1,27x17,27,17,8
AGTCACTAACAAGCTA-1,27x10,27,10,0
AGTCACTAACACAGAA-1,27x18,27,18,0
AGTCACTAACAGCAGA-1,27x19,27,19,1
AGTCACTAACATTGGC-1,27x6,27,6,1
AGTCACTAACCACTGT-1,27x5,27,5,1
AGTCACTAACCTCCAA-1,27x20,27,20,2
AGTCACTAACGCTCGA-1,27x21,27,21,3
AGTCACTAACGTATCA-1,27x22,27,22,2
AGTCACTAACTATGCA-1,27x23,27,23,7
AGTCACTAAGAGTCAA-1,27x24,27,24,2
AGTCACTAAGATCGCA-1,27x25,27,25,7
AGTCACTAAGCAGGAA-1,27x26,27,26,3
AGTCACTAAGTACAAG-1,27x12,27,12,3
AGTCACTAAGTCACTA-1,27x27,27,27,7
AGTCACTAAGTGGTCA-1,27x4,27,4,0
AGTCACTAATCCTGTA-1,27x28,27,28,2
AGTCACTAATGCCTAA-1,27x3,27,3,6
AGTCACTAATTGAGGA-1,27x29,27,29,2
AGTCACTACAACCACA-1,27x30,27,30,2
AGTCACTACAAGACTA-1,27x47,27,47,2
AGTCACTACAATGGAA-1,27x32,27,32,7
AGTCACTACACTTCGA-1,27x33,27,33,1
AGTCACTACAGATCTG-1,27x7,27,7,2
AGTCACTACAGCGTTA-1,27x34,27,34,1
AGTCACTACATACCAA-1,27x35,27,35,2
AGTCACTACATCAAGT-1,27x8,27,8,6
AGTCACTACCAGTTCA-1,27x36,27,36,5
AGTCACTACCGAAGTA-1,27x37,27,37,1
AGTCACTACCGTGAGA-1,27x38,27,38,1
AGTCACTACCTCCTGA-1,27x39,27,39,1
AGTCACTACGAACTTA-1,27x40,27,40,1
AGTCACTACGACTGGA-1,27x41,27,41,1
AGTCACTACGCATACA-1,27x42,27,42,3
AGTCACTACGCTGATC-1,27x9,27,9,0
AGTCACTACTCAATGA-1,27x43,27,43,8
AGTCACTACTGAGCCA-1,27x44,27,44,1
AGTCACTACTGGCATA-1,27x45,27,45,1
AGTCACTACTGTAGCC-1,27x11,27,11,1
AGTCACTAGAATCTGA-1,27x46,27,46,8
AGTCACTAGACTAGTA-1,27x31,27,31,2
AGTCACTAGAGCTGAA-1,27x48,27,48,2
AGTCACTAGATAGACA-1,27x49,27,49,2
AGTGGTCAAAACATCG-1,4x2,4,2,0
AGTGGTCAAACAACCA-1,4x13,4,13,7
AGTGGTCAAACCGAGA-1,4x14,4,14,3
AGTGGTCAAACGCTTA-1,4x15,4,15,3
AGTGGTCAAAGACGGA-1,4x16,4,16,2
AGTGGTCAAAGGTACA-1,4x17,4,17,2
AGTGGTCAACAAGCTA-1,4x10,4,10,6
AGTGGTCAACACAGAA-1,4x18,4,18,2
AGTGGTCAACAGCAGA-1,4x19,4,19,8
AGTGGTCAACATTGGC-1,4x6,4,6,2
AGTGGTCAACCACTGT-1,4x5,4,5,0
AGTGGTCAACCTCCAA-1,4x20,4,20,2
AGTGGTCAACGCTCGA-1,4x21,4,21,9
AGTGGTCAACGTATCA-1,4x22,4,22,7
AGTGGTCAACTATGCA-1,4x23,4,23,2
AGTGGTCAAGAGTCAA-1,4x24,4,24,3
AGTGGTCAAGATCGCA-1,4x25,4,25,2
AGTGGTCAAGCAGGAA-1,4x26,4,26,2
AGTGGTCAAGTACAAG-1,4x12,4,12,6
AGTGGTCAAGTCACTA-1,4x27,4,27,7
AGTGGTCAAGTGGTCA-1,4x4,4,4,0
AGTGGTCAATCCTGTA-1,4x28,4,28,2
AGTGGTCAATGCCTAA-1,4x3,4,3,6
AGTGGTCAATTGAGGA-1,4x29,4,29,2
AGTGGTCACAACCACA-1,4x30,4,30,2
AGTGGTCACAATGGAA-1,4x32,4,32,1
AGTGGTCACACTTCGA-1,4x33,4,33,2
AGTGGTCACAGATCTG-1,4x7,4,7,0
AGTGGTCACAGCGTTA-1,4x34,4,34,2
AGTGGTCACATACCAA-1,4x35,4,35,5
AGTGGTCACATCAAGT-1,4x8,4,8,0
AGTGGTCACCAGTTCA-1,4x36,4,36,2
AGTGGTCACCGAAGTA-1,4x37,4,37,2
AGTGGTCACCGTGAGA-1,4x38,4,38,2
AGTGGTCACCTCCTGA-1,4x39,4,39,5
AGTGGTCACGAACTTA-1,4x40,4,40,2
AGTGGTCACGACTGGA-1,4x41,4,41,3
AGTGGTCACGCATACA-1,4x42,4,42,3
AGTGGTCACGCTGATC-1,4x9,4,9,6
AGTGGTCACTCAATGA-1,4x43,4,43,3
AGTGGTCACTGAGCCA-1,4x44,4,44,2
AGTGGTCACTGTAGCC-1,4x11,4,11,6
AGTGGTCAGACTAGTA-1,4x31,4,31,7
ATCCTGTAAAACATCG-1,28x2,28,2,3
ATCCTGTAAACAACCA-1,28x13,28,13,5
ATCCTGTAAACCGAGA-1,28x14,28,14,3
ATCCTGTAAACGCTTA-1,28x15,28,15,0
ATCCTGTAAAGACGGA-1,28x16,28,16,6
ATCCTGTAAAGGTACA-1,28x17,28,17,7
ATCCTGTAACAAGCTA-1,28x10,28,10,8
ATCCTGTAACACAGAA-1,28x18,28,18,6
ATCCTGTAACAGCAGA-1,28x19,28,19,5
ATCCTGTAACATTGGC-1,28x6,28,6,1
ATCCTGTAACCACTGT-1,28x5,28,5,6
ATCCTGTAACCTCCAA-1,28x20,28,20,2
ATCCTGTAACGCTCGA-1,28x21,28,21,2
ATCCTGTAACGTATCA-1,28x22,28,22,2
ATCCTGTAACTATGCA-1,28x23,28,23,1
ATCCTGTAAGAGTCAA-1,28x24,28,24,5
ATCCTGTAAGATCGCA-1,28x25,28,25,7
ATCCTGTAAGCAGGAA-1,28x26,28,26,2
ATCCTGTAAGTACAAG-1,28x12,28,12,3
ATCCTGTAAGTCACTA-1,28x27,28,27,5
ATCCTGTAAGTGGTCA-1,28x4,28,4,8
ATCCTGTAATCCTGTA-1,28x28,28,28,2
ATCCTGTAATGCCTAA-1,28x3,28,3,6
ATCCTGTAATTGAGGA-1,28x29,28,29,2
ATCCTGTACAACCACA-1,28x30,28,30,7
ATCCTGTACAAGACTA-1,28x47,28,47,3
ATCCTGTACAATGGAA-1,28x32,28,32,1
ATCCTGTACACTTCGA-1,28x33,28,33,1
ATCCTGTACAGATCTG-1,28x7,28,7,1
ATCCTGTACAGCGTTA-1,28x34,28,34,2
ATCCTGTACATACCAA-1,28x35,28,35,3
ATCCTGTACATCAAGT-1,28x8,28,8,0
ATCCTGTACCAGTTCA-1,28x36,28,36,5
ATCCTGTACCGAAGTA-1,28x37,28,37,1
ATCCTGTACCGTGAGA-1,28x38,28,38,1
ATCCTGTACCTCCTGA-1,28x39,28,39,1
ATCCTGTACGAACTTA-1,28x40,28,40,5
ATCCTGTACGACTGGA-1,28x41,28,41,1
ATCCTGTACGCATACA-1,28x42,28,42,7
ATCCTGTACGCTGATC-1,28x9,28,9,6
ATCCTGTACTCAATGA-1,28x43,28,43,1
ATCCTGTACTGAGCCA-1,28x44,28,44,1
ATCCTGTACTGGCATA-1,28x45,28,45,8
ATCCTGTACTGTAGCC-1,28x11,28,11,5
ATCCTGTAGAATCTGA-1,28x46,28,46,1
ATCCTGTAGACTAGTA-1,28x31,28,31,7
ATCCTGTAGAGCTGAA-1,28x48,28,48,7
ATCCTGTAGATAGACA-1,28x49,28,49,7
ATGCCTAAAAACATCG-1,3x2,3,2,8
ATGCCTAAAACAACCA-1,3x13,3,13,7
ATGCCTAAAACCGAGA-1,3x14,3,14,5
ATGCCTAAAACGCTTA-1,3x15,3,15,7
ATGCCTAAAAGACGGA-1,3x16,3,16,2
ATGCCTAAAAGGTACA-1,3x17,3,17,7
ATGCCTAAACAAGCTA-1,3x10,3,10,6
ATGCCTAAACACAGAA-1,3x18,3,18,2
ATGCCTAAACAGCAGA-1,3x19,3,19,2
ATGCCTAAACATTGGC-1,3x6,3,6,0
ATGCCTAAACCACTGT-1,3x5,3,5,0
ATGCCTAAACCTCCAA-1,3x20,3,20,2
ATGCCTAAACGCTCGA-1,3x21,3,21,9
ATGCCTAAACGTATCA-1,3x22,3,22,2
ATGCCTAAACTATGCA-1,3x23,3,23,2
ATGCCTAAAGAGTCAA-1,3x24,3,24,5
ATGCCTAAAGATCGCA-1,3x25,3,25,2
ATGCCTAAAGCAGGAA-1,3x26,3,26,2
ATGCCTAAAGTACAAG-1,3x12,3,12,2
ATGCCTAAAGTCACTA-1,3x27,3,27,5
ATGCCTAAAGTGGTCA-1,3x4,3,4,7
ATGCCTAAATCCTGTA-1,3x28,3,28,2
ATGCCTAAATGCCTAA-1,3x3,3,3,6
ATGCCTAAATTGAGGA-1,3x29,3,29,2
ATGCCTAACAACCACA-1,3x30,3,30,3
ATGCCTAACAATGGAA-1,3x32,3,32,2
ATGCCTAACACTTCGA-1,3x33,3,33,8
ATGCCTAACAGATCTG-1,3x7,3,7,0
ATGCCTAACAGCGTTA-1,3x34,3,34,1
ATGCCTAACATACCAA-1,3x35,3,35,1
ATGCCTAACATCAAGT-1,3x8,3,8,6
ATGCCTAACCAGTTCA-1,3x36,3,36,1
ATGCCTAACCGAAGTA-1,3x37,3,37,2
ATGCCTAACCGTGAGA-1,3x38,3,38,9
ATGCCTAACCTCCTGA-1,3x39,3,39,8
ATGCCTAACGAACTTA-1,3x40,3,40,2
ATGCCTAACGACTGGA-1,3x41,3,41,3
ATGCCTAACGCATACA-1,3x42,3,42,2
ATGCCTAACGCTGATC-1,3x9,3,9,6
ATGCCTAACTCAATGA-1,3x43,3,43,2
ATGCCTAACTGAGCCA-1,3x44,3,44,3
ATGCCTAACTGTAGCC-1,3x11,3,11,6
ATGCCTAAGACTAGTA-1,3x31,3,31,5
ATTGAGGAAAACATCG-1,29x2,29,2,0
ATTGAGGAAACAACCA-1,29x13,29,13,1
ATTGAGGAAACCGAGA-1,29x14,29,14,0
ATTGAGGAAACGCTTA-1,29x15,29,15,0
ATTGAGGAAAGACGGA-1,29x16,29,16,5
ATTGAGGAAAGGTACA-1,29x17,29,17,8
ATTGAGGAACAAGCTA-1,29x10,29,10,0
ATTGAGGAACACAGAA-1,29x18,29,18,0
ATTGAGGAACAGCAGA-1,29x19,29,19,8
ATTGAGGAACATTGGC-1,29x6,29,6,0
ATTGAGGAACCACTGT-1,29x5,29,5,0
ATTGAGGAACCTCCAA-1,29x20,29,20,1
ATTGAGGAACGCTCGA-1,29x21,29,21,5
ATTGAGGAACGTATCA-1,29x22,29,22,7
ATTGAGGAACTATGCA-1,29x23,29,23,2
ATTGAGGAAGAGTCAA-1,29x24,29,24,2
ATTGAGGAAGATCGCA-1,29x25,29,25,2
ATTGAGGAAGCAGGAA-1,29x26,29,26,2
ATTGAGGAAGTACAAG-1,29x12,29,12,5
ATTGAGGAAGTCACTA-1,29x27,29,27,2
ATTGAGGAAGTGGTCA-1,29x4,29,4,5
ATTGAGGAATCCTGTA-1,29x28,29,28,1
ATTGAGGAATGCCTAA-1,29x3,29,3,0
ATTGAGGAATTGAGGA-1,29x29,29,29,8
ATTGAGGACAACCACA-1,29x30,29,30,3
ATTGAGGACAAGACTA-1,29x47,29,47,4
ATTGAGGACAATGGAA-1,29x32,29,32,2
ATTGAGGACACTTCGA-1,29x33,29,33,5
ATTGAGGACAGATCTG-1,29x7,29,7,1
ATTGAGGACAGCGTTA-1,29x34,29,34,5
ATTGAGGACATACCAA-1,29x35,29,35,2
ATTGAGGACATCAAGT-1,29x8,29,8,2
ATTGAGGACCAGTTCA-1,29x36,29,36,1
ATTGAGGACCGAAGTA-1,29x37,29,37,1
ATTGAGGACCGTGAGA-1,29x38,29,38,1
ATTGAGGACCTCCTGA-1,29x39,29,39,1
ATTGAGGACGAACTTA-1,29x40,29,40,1
ATTGAGGACGACTGGA-1,29x41,29,41,2
ATTGAGGACGCATACA-1,29x42,29,42,2
ATTGAGGACGCTGATC-1,29x9,29,9,6
ATTGAGGACTCAATGA-1,29x43,29,43,7
ATTGAGGACTGAGCCA-1,29x44,29,44,1
ATTGAGGACTGGCATA-1,29x45,29,45,1
ATTGAGGACTGTAGCC-1,29x11,29,11,5
ATTGAGGAGAATCTGA-1,29x46,29,46,8
ATTGAGGAGACTAGTA-1,29x31,29,31,5
ATTGAGGAGAGCTGAA-1,29x48,29,48,0
ATTGAGGAGATAGACA-1,29x49,29,49,8
CAACCACAAAACATCG-1,30x2,30,2,0
CAACCACAAACAACCA-1,30x13,30,13,7
CAACCACAAACCGAGA-1,30x14,30,14,7
CAACCACAAACGCTTA-1,30x15,30,15,4
CAACCACAAAGACGGA-1,30x16,30,16,5
CAACCACAAAGGTACA-1,30x17,30,17,3
CAACCACAACAAGCTA-1,30x10,30,10,6
CAACCACAACACAGAA-1,30x18,30,18,5
CAACCACAACAGCAGA-1,30x19,30,19,6
CAACCACAACATTGGC-1,30x6,30,6,4
CAACCACAACCACTGT-1,30x5,30,5,0
CAACCACAACCTCCAA-1,30x20,30,20,1
CAACCACAACGCTCGA-1,30x21,30,21,5
CAACCACAACGTATCA-1,30x22,30,22,2
CAACCACAACTATGCA-1,30x23,30,23,1
CAACCACAAGAGTCAA-1,30x24,30,24,3
CAACCACAAGATCGCA-1,30x25,30,25,2
CAACCACAAGCAGGAA-1,30x26,30,26,1
CAACCACAAGTACAAG-1,30x12,30,12,5
CAACCACAAGTCACTA-1,30x27,30,27,1
CAACCACAAGTGGTCA-1,30x4,30,4,3
CAACCACAATCCTGTA-1,30x28,30,28,1
CAACCACAATGCCTAA-1,30x3,30,3,6
CAACCACAATTGAGGA-1,30x29,30,29,2
CAACCACACAACCACA-1,30x30,30,30,8
CAACCACACAAGACTA-1,30x47,30,47,0
CAACCACACAATGGAA-1,30x32,30,32,3
CAACCACACACTTCGA-1,30x33,30,33,1
CAACCACACAGATCTG-1,30x7,30,7,1
CAACCACACAGCGTTA-1,30x34,30,34,8
CAACCACACATACCAA-1,30x35,30,35,1
CAACCACACATCAAGT-1,30x8,30,8,1
CAACCACACCAGTTCA-1,30x36,30,36,1
CAACCACACCGAAGTA-1,30x37,30,37,1
CAACCACACCGTGAGA-1,30x38,30,38,1
CAACCACACCTCCTGA-1,30x39,30,39,1
CAACCACACGAACTTA-1,30x40,30,40,1
CAACCACACGACTGGA-1,30x41,30,41,1
CAACCACACGCATACA-1,30x42,30,42,1
CAACCACACGCTGATC-1,30x9,30,9,0
CAACCACACTCAATGA-1,30x43,30,43,1
CAACCACACTGAGCCA-1,30x44,30,44,3
CAACCACACTGGCATA-1,30x45,30,45,3
CAACCACACTGTAGCC-1,30x11,30,11,0
CAACCACAGAATCTGA-1,30x46,30,46,7
CAACCACAGACTAGTA-1,30x31,30,31,8
CAACCACAGAGCTGAA-1,30x48,30,48,1
CAACCACAGATAGACA-1,30x49,30,49,5
CAAGACTAAACCGAGA-1,47x14,47,14,0
CAAGACTAAACGCTTA-1,47x15,47,15,0
CAAGACTAAAGACGGA-1,47x16,47,16,0
CAAGACTAAAGGTACA-1,47x17,47,17,0
CAAGACTAACACAGAA-1,47x18,47,18,0
CAAGACTAACAGCAGA-1,47x19,47,19,3
CAAGACTAACCTCCAA-1,47x20,47,20,3
CAAGACTAACGCTCGA-1,47x21,47,21,0
CAAGACTAACGTATCA-1,47x22,47,22,0
CAAGACTAACTATGCA-1,47x23,47,23,0
CAAGACTAAGAGTCAA-1,47x24,47,24,0
CAAGACTAAGATCGCA-1,47x25,47,25,6
CAAGACTAAGCAGGAA-1,47x26,47,26,0
CAAGACTAAGTCACTA-1,47x27,47,27,0
CAAGACTAATCCTGTA-1,47x28,47,28,6
CAAGACTAATTGAGGA-1,47x29,47,29,6
CAAGACTACAACCACA-1,47x30,47,30,0
CAAGACTACAATGGAA-1,47x32,47,32,0
CAAGACTACACTTCGA-1,47x33,47,33,4
CAAGACTACAGCGTTA-1,47x34,47,34,0
CAAGACTACATACCAA-1,47x35,47,35,0
CAAGACTACCAGTTCA-1,47x36,47,36,0
CAAGACTACCGAAGTA-1,47x37,47,37,0
CAAGACTACCGTGAGA-1,47x38,47,38,3
CAAGACTACCTCCTGA-1,47x39,47,39,8
CAAGACTACGAACTTA-1,47x40,47,40,0
CAAGACTACGACTGGA-1,47x41,47,41,4
CAAGACTACGCATACA-1,47x42,47,42,0
CAAGACTACTCAATGA-1,47x43,47,43,4
CAAGACTACTGAGCCA-1,47x44,47,44,0
CAAGACTAGACTAGTA-1,47x31,47,31,0
CAATGGAAAAACATCG-1,32x2,32,2,0
CAATGGAAAACAACCA-1,32x13,32,13,8
CAATGGAAAACCGAGA-1,32x14,32,14,8
CAATGGAAAACGCTTA-1,32x15,32,15,7
CAATGGAAAAGACGGA-1,32x16,32,16,3
CAATGGAAAAGGTACA-1,32x17,32,17,2
CAATGGAAACAAGCTA-1,32x10,32,10,3
CAATGGAAACACAGAA-1,32x18,32,18,5
CAATGGAAACAGCAGA-1,32x19,32,19,6
CAATGGAAACATTGGC-1,32x6,32,6,4
CAATGGAAACCACTGT-1,32x5,32,5,0
CAATGGAAACCTCCAA-1,32x20,32,20,1
CAATGGAAACGCTCGA-1,32x21,32,21,1
CAATGGAAACGTATCA-1,32x22,32,22,1
CAATGGAAACTATGCA-1,32x23,32,23,1
CAATGGAAAGAGTCAA-1,32x24,32,24,1
CAATGGAAAGATCGCA-1,32x25,32,25,1
CAATGGAAAGCAGGAA-1,32x26,32,26,2
CAATGGAAAGTACAAG-1,32x12,32,12,5
CAATGGAAAGTCACTA-1,32x27,32,27,5
CAATGGAAAGTGGTCA-1,32x4,32,4,8
CAATGGAAATCCTGTA-1,32x28,32,28,5
CAATGGAAATGCCTAA-1,32x3,32,3,0
CAATGGAAATTGAGGA-1,32x29,32,29,2
CAATGGAACAACCACA-1,32x30,32,30,2
CAATGGAACAAGACTA-1,32x47,32,47,0
CAATGGAACAATGGAA-1,32x32,32,32,7
CAATGGAACACTTCGA-1,32x33,32,33,2
CAATGGAACAGATCTG-1,32x7,32,7,4
CAATGGAACAGCGTTA-1,32x34,32,34,1
CAATGGAACATACCAA-1,32x35,32,35,1
CAATGGAACATCAAGT-1,32x8,32,8,1
CAATGGAACCAGTTCA-1,32x36,32,36,1
CAATGGAACCGAAGTA-1,32x37,32,37,1
CAATGGAACCGTGAGA-1,32x38,32,38,1
CAATGGAACCTCCTGA-1,32x39,32,39,1
CAATGGAACGAACTTA-1,32x40,32,40,8
CAATGGAACGACTGGA-1,32x41,32,41,2
CAATGGAACGCATACA-1,32x42,32,42,1
CAATGGAACGCTGATC-1,32x9,32,9,3
CAATGGAACTCAATGA-1,32x43,32,43,5
CAATGGAACTGAGCCA-1,32x44,32,44,3
CAATGGAACTGGCATA-1,32x45,32,45,0
CAATGGAACTGTAGCC-1,32x11,32,11,6
CAATGGAAGAATCTGA-1,32x46,32,46,3
CAATGGAAGACTAGTA-1,32x31,32,31,3
CAATGGAAGAGCTGAA-1,32x48,32,48,0
CAATGGAAGATAGACA-1,32x49,32,49,4
CACTTCGAAAACATCG-1,33x2,33,2,0
CACTTCGAAACAACCA-1,33x13,33,13,4
CACTTCGAAACCGAGA-1,33x14,33,14,3
CACTTCGAAACGCTTA-1,33x15,33,15,7
CACTTCGAAAGACGGA-1,33x16,33,16,3
CACTTCGAAAGGTACA-1,33x17,33,17,3
CACTTCGAACAAGCTA-1,33x10,33,10,3
CACTTCGAACACAGAA-1,33x18,33,18,2
CACTTCGAACAGCAGA-1,33x19,33,19,6
CACTTCGAACATTGGC-1,33x6,33,6,0
CACTTCGAACCACTGT-1,33x5,33,5,0
CACTTCGAACCTCCAA-1,33x20,33,20,1
CACTTCGAACGCTCGA-1,33x21,33,21,1
CACTTCGAACGTATCA-1,33x22,33,22,1
CACTTCGAACTATGCA-1,33x23,33,23,1
CACTTCGAAGAGTCAA-1,33x24,33,24,1
CACTTCGAAGATCGCA-1,33x25,33,25,1
CACTTCGAAGCAGGAA-1,33x26,33,26,1
CACTTCGAAGTACAAG-1,33x12,33,12,6
CACTTCGAAGTCACTA-1,33x27,33,27,1
CACTTCGAAGTGGTCA-1,33x4,33,4,7
CACTTCGAATCCTGTA-1,33x28,33,28,1
CACTTCGAATGCCTAA-1,33x3,33,3,0
CACTTCGAATTGAGGA-1,33x29,33,29,5
CACTTCGACAACCACA-1,33x30,33,30,2
CACTTCGACAAGACTA-1,33x47,33,47,4
CACTTCGACAATGGAA-1,33x32,33,32,1
CACTTCGACACTTCGA-1,33x33,33,33,1
CACTTCGACAGATCTG-1,33x7,33,7,4
CACTTCGACAGCGTTA-1,33x34,33,34,1
CACTTCGACATACCAA-1,33x35,33,35,3
CACTTCGACATCAAGT-1,33x8,33,8,4
CACTTCGACCAGTTCA-1,33x36,33,36,1
CACTTCGACCGAAGTA-1,33x37,33,37,1
CACTTCGACCGTGAGA-1,33x38,33,38,7
CACTTCGACCTCCTGA-1,33x39,33,39,1
CACTTCGACGAACTTA-1,33x40,33,40,8
CACTTCGACGACTGGA-1,33x41,33,41,1
CACTTCGACGCATACA-1,33x42,33,42,2
CACTTCGACGCTGATC-1,33x9,33,9,1
CACTTCGACTCAATGA-1,33x43,33,43,5
CACTTCGACTGAGCCA-1,33x44,33,44,2
CACTTCGACTGGCATA-1,33x45,33,45,5
CACTTCGACTGTAGCC-1,33x11,33,11,0
CACTTCGAGAATCTGA-1,33x46,33,46,4
CACTTCGAGACTAGTA-1,33x31,33,31,7
CACTTCGAGAGCTGAA-1,33x48,33,48,4
CACTTCGAGATAGACA-1,33x49,33,49,0
CAGATCTGAAACATCG-1,7x2,7,2,2
CAGATCTGAACAACCA-1,7x13,7,13,6
CAGATCTGAACCGAGA-1,7x14,7,14,6
CAGATCTGAACGCTTA-1,7x15,7,15,3
CAGATCTGAAGACGGA-1,7x16,7,16,3
CAGATCTGAAGGTACA-1,7x17,7,17,5
CAGATCTGACAAGCTA-1,7x10,7,10,0
CAGATCTGACACAGAA-1,7x18,7,18,5
CAGATCTGACAGCAGA-1,7x19,7,19,2
CAGATCTGACATTGGC-1,7x6,7,6,7
CAGATCTGACCACTGT-1,7x5,7,5,0
CAGATCTGACCTCCAA-1,7x20,7,20,5
CAGATCTGACGCTCGA-1,7x21,7,21,1
CAGATCTGACGTATCA-1,7x22,7,22,7
CAGATCTGACTATGCA-1,7x23,7,23,2
CAGATCTGAGAGTCAA-1,7x24,7,24,5
CAGATCTGAGATCGCA-1,7x25,7,25,7
CAGATCTGAGCAGGAA-1,7x26,7,26,2
CAGATCTGAGTACAAG-1,7x12,7,12,6
CAGATCTGAGTCACTA-1,7x27,7,27,2
CAGATCTGAGTGGTCA-1,7x4,7,4,0
CAGATCTGATCCTGTA-1,7x28,7,28,2
CAGATCTGATGCCTAA-1,7x3,7,3,0
CAGATCTGATTGAGGA-1,7x29,7,29,5
CAGATCTGCAACCACA-1,7x30,7,30,2
CAGATCTGCAATGGAA-1,7x32,7,32,2
CAGATCTGCACTTCGA-1,7x33,7,33,2
CAGATCTGCAGATCTG-1,7x7,7,7,3
CAGATCTGCAGCGTTA-1,7x34,7,34,2
CAGATCTGCATACCAA-1,7x35,7,35,2
CAGATCTGCATCAAGT-1,7x8,7,8,8
CAGATCTGCCAGTTCA-1,7x36,7,36,2
CAGATCTGCCGAAGTA-1,7x37,7,37,2
CAGATCTGCCGTGAGA-1,7x38,7,38,2
CAGATCTGCCTCCTGA-1,7x39,7,39,3
CAGATCTGCGAACTTA-1,7x40,7,40,2
CAGATCTGCGACTGGA-1,7x41,7,41,5
CAGATCTGCGCATACA-1,7x42,7,42,3
CAGATCTGCGCTGATC-1,7x9,7,9,8
CAGATCTGCTCAATGA-1,7x43,7,43,3
CAGATCTGCTGAGCCA-1,7x44,7,44,2
CAGATCTGCTGGCATA-1,7x45,7,45,5
CAGATCTGCTGTAGCC-1,7x11,7,11,0
CAGATCTGGAATCTGA-1,7x46,7,46,8
CAGATCTGGACTAGTA-1,7x31,7,31,2
CAGCGTTAAAACATCG-1,34x2,34,2,0
CAGCGTTAAACAACCA-1,34x13,34,13,6
CAGCGTTAAACCGAGA-1,34x14,34,14,6
CAGCGTTAAACGCTTA-1,34x15,34,15,6
CAGCGTTAAAGACGGA-1,34x16,34,16,5
CAGCGTTAAAGGTACA-1,34x17,34,17,2
CAGCGTTAACAAGCTA-1,34x10,34,10,1
CAGCGTTAACACAGAA-1,34x18,34,18,7
CAGCGTTAACAGCAGA-1,34x19,34,19,6
CAGCGTTAACATTGGC-1,34x6,34,6,0
CAGCGTTAACCACTGT-1,34x5,34,5,0
CAGCGTTAACCTCCAA-1,34x20,34,20,1
CAGCGTTAACGCTCGA-1,34x21,34,21,1
CAGCGTTAACGTATCA-1,34x22,34,22,1
CAGCGTTAACTATGCA-1,34x23,34,23,1
CAGCGTTAAGAGTCAA-1,34x24,34,24,1
CAGCGTTAAGATCGCA-1,34x25,34,25,1
CAGCGTTAAGCAGGAA-1,34x26,34,26,1
CAGCGTTAAGTACAAG-1,34x12,34,12,5
CAGCGTTAAGTCACTA-1,34x27,34,27,1
CAGCGTTAAGTGGTCA-1,34x4,34,4,5
CAGCGTTAATCCTGTA-1,34x28,34,28,1
CAGCGTTAATGCCTAA-1,34x3,34,3,6
CAGCGTTAATTGAGGA-1,34x29,34,29,1
CAGCGTTACAACCACA-1,34x30,34,30,2
CAGCGTTACAAGACTA-1,34x47,34,47,0
CAGCGTTACAATGGAA-1,34x32,34,32,8
CAGCGTTACACTTCGA-1,34x33,34,33,1
CAGCGTTACAGATCTG-1,34x7,34,7,0
CAGCGTTACAGCGTTA-1,34x34,34,34,1
CAGCGTTACATACCAA-1,34x35,34,35,1
CAGCGTTACATCAAGT-1,34x8,34,8,0
CAGCGTTACCAGTTCA-1,34x36,34,36,1
CAGCGTTACCGAAGTA-1,34x37,34,37,1
CAGCGTTACCGTGAGA-1,34x38,34,38,1
CAGCGTTACCTCCTGA-1,34x39,34,39,3
CAGCGTTACGAACTTA-1,34x40,34,40,1
CAGCGTTACGACTGGA-1,34x41,34,41,2
CAGCGTTACGCATACA-1,34x42,34,42,7
CAGCGTTACGCTGATC-1,34x9,34,9,1
CAGCGTTACTCAATGA-1,34x43,34,43,8
CAGCGTTACTGAGCCA-1,34x44,34,44,8
CAGCGTTACTGGCATA-1,34x45,34,45,4
CAGCGTTACTGTAGCC-1,34x11,34,11,1
CAGCGTTAGAATCTGA-1,34x46,34,46,4
CAGCGTTAGACTAGTA-1,34x31,34,31,8
CAGCGTTAGAGCTGAA-1,34x48,34,48,6
CAGCGTTAGATAGACA-1,34x49,34,49,4
CATACCAAAACAACCA-1,35x13,35,13,3
CATACCAAAACCGAGA-1,35x14,35,14,0
CATACCAAAACGCTTA-1,35x15,35,15,0
CATACCAAAAGACGGA-1,35x16,35,16,0
CATACCAAAAGGTACA-1,35x17,35,17,5
CATACCAAACAAGCTA-1,35x10,35,10,1
CATACCAAACACAGAA-1,35x18,35,18,0
CATACCAAACAGCAGA-1,35x19,35,19,6
CATACCAAACATTGGC-1,35x6,35,6,0
CATACCAAACCACTGT-1,35x5,35,5,0
CATACCAAACCTCCAA-1,35x20,35,20,7
CATACCAAACGCTCGA-1,35x21,35,21,1
CATACCAAACGTATCA-1,35x22,35,22,1
CATACCAAACTATGCA-1,35x23,35,23,1
CATACCAAAGAGTCAA-1,35x24,35,24,1
CATACCAAAGATCGCA-1,35x25,35,25,1
CATACCAAAGCAGGAA-1,35x26,35,26,1
CATACCAAAGTACAAG-1,35x12,35,12,7
CATACCAAAGTCACTA-1,35x27,35,27,1
CATACCAAAGTGGTCA-1,35x4,35,4,7
CATACCAAATCCTGTA-1,35x28,35,28,1
CATACCAAATGCCTAA-1,35x3,35,3,6
CATACCAAATTGAGGA-1,35x29,35,29,1
CATACCAACAACCACA-1,35x30,35,30,1
CATACCAACAAGACTA-1,35x47,35,47,0
CATACCAACAATGGAA-1,35x32,35,32,1
CATACCAACACTTCGA-1,35x33,35,33,1
CATACCAACAGATCTG-1,35x7,35,7,0
CATACCAACAGCGTTA-1,35x34,35,34,1
CATACCAACATACCAA-1,35x35,35,35,1
CATACCAACATCAAGT-1,35x8,35,8,0
CATACCAACCAGTTCA-1,35x36,35,36,3
CATACCAACCGAAGTA-1,35x37,35,37,3
CATACCAACCGTGAGA-1,35x38,35,38,1
CATACCAACCTCCTGA-1,35x39,35,39,1
CATACCAACGAACTTA-1,35x40,35,40,1
CATACCAACGACTGGA-1,35x41,35,41,7
CATACCAACGCATACA-1,35x42,35,42,8
CATACCAACGCTGATC-1,35x9,35,9,0
CATACCAACTCAATGA-1,35x43,35,43,5
CATACCAACTGAGCCA-1,35x44,35,44,8
CATACCAACTGGCATA-1,35x45,35,45,0
CATACCAACTGTAGCC-1,35x11,35,11,1
CATACCAAGAATCTGA-1,35x46,35,46,0
CATACCAAGACTAGTA-1,35x31,35,31,1
CATACCAAGAGCTGAA-1,35x48,35,48,4
CATACCAAGATAGACA-1,35x49,35,49,4
CATCAAGTAAACATCG-1,8x2,8,2,1
CATCAAGTAACAACCA-1,8x13,8,13,6
CATCAAGTAACCGAGA-1,8x14,8,14,6
CATCAAGTAACGCTTA-1,8x15,8,15,3
CATCAAGTAAGACGGA-1,8x16,8,16,9
CATCAAGTAAGGTACA-1,8x17,8,17,7
CATCAAGTACAAGCTA-1,8x10,8,10,7
CATCAAGTACACAGAA-1,8x18,8,18,8
CATCAAGTACAGCAGA-1,8x19,8,19,8
CATCAAGTACATTGGC-1,8x6,8,6,0
CATCAAGTACCACTGT-1,8x5,8,5,6
CATCAAGTACCTCCAA-1,8x20,8,20,3
CATCAAGTACGCTCGA-1,8x21,8,21,1
CATCAAGTACGTATCA-1,8x22,8,22,3
CATCAAGTACTATGCA-1,8x23,8,23,2
CATCAAGTAGAGTCAA-1,8x24,8,24,2
CATCAAGTAGATCGCA-1,8x25,8,25,3
CATCAAGTAGCAGGAA-1,8x26,8,26,2
CATCAAGTAGTACAAG-1,8x12,8,12,6
CATCAAGTAGTCACTA-1,8x27,8,27,2
CATCAAGTAGTGGTCA-1,8x4,8,4,0
CATCAAGTATCCTGTA-1,8x28,8,28,5
CATCAAGTATGCCTAA-1,8x3,8,3,0
CATCAAGTATTGAGGA-1,8x29,8,29,2
CATCAAGTCAACCACA-1,8x30,8,30,2
CATCAAGTCAAGACTA-1,8x47,8,47,3
CATCAAGTCAATGGAA-1,8x32,8,32,2
CATCAAGTCACTTCGA-1,8x33,8,33,2
CATCAAGTCAGATCTG-1,8x7,8,7,0
CATCAAGTCAGCGTTA-1,8x34,8,34,2
CATCAAGTCATACCAA-1,8x35,8,35,2
CATCAAGTCATCAAGT-1,8x8,8,8,8
CATCAAGTCCAGTTCA-1,8x36,8,36,2
CATCAAGTCCGAAGTA-1,8x37,8,37,2
CATCAAGTCCGTGAGA-1,8x38,8,38,2
CATCAAGTCCTCCTGA-1,8x39,8,39,2
CATCAAGTCGAACTTA-1,8x40,8,40,2
CATCAAGTCGACTGGA-1,8x41,8,41,2
CATCAAGTCGCATACA-1,8x42,8,42,5
CATCAAGTCGCTGATC-1,8x9,8,9,2
CATCAAGTCTCAATGA-1,8x43,8,43,7
CATCAAGTCTGAGCCA-1,8x44,8,44,3
CATCAAGTCTGGCATA-1,8x45,8,45,2
CATCAAGTCTGTAGCC-1,8x11,8,11,3
CATCAAGTGAATCTGA-1,8x46,8,46,3
CATCAAGTGACTAGTA-1,8x31,8,31,2
CCAGTTCAAACAACCA-1,36x13,36,13,1
CCAGTTCAAACCGAGA-1,36x14,36,14,0
CCAGTTCAAACGCTTA-1,36x15,36,15,1
CCAGTTCAAAGACGGA-1,36x16,36,16,8
CCAGTTCAAAGGTACA-1,36x17,36,17,0
CCAGTTCAACAAGCTA-1,36x10,36,10,0
CCAGTTCAACACAGAA-1,36x18,36,18,0
CCAGTTCAACAGCAGA-1,36x19,36,19,7
CCAGTTCAACATTGGC-1,36x6,36,6,0
CCAGTTCAACCACTGT-1,36x5,36,5,0
CCAGTTCAACCTCCAA-1,36x20,36,20,3
CCAGTTCAACGCTCGA-1,36x21,36,21,1
CCAGTTCAACGTATCA-1,36x22,36,22,1
CCAGTTCAACTATGCA-1,36x23,36,23,1
CCAGTTCAAGAGTCAA-1,36x24,36,24,1
CCAGTTCAAGATCGCA-1,36x25,36,25,1
CCAGTTCAAGCAGGAA-1,36x26,36,26,1
CCAGTTCAAGTACAAG-1,36x12,36,12,1
CCAGTTCAAGTCACTA-1,36x27,36,27,1
CCAGTTCAAGTGGTCA-1,36x4,36,4,1
CCAGTTCAATCCTGTA-1,36x28,36,28,1
CCAGTTCAATTGAGGA-1,36x29,36,29,1
CCAGTTCACAACCACA-1,36x30,36,30,1
CCAGTTCACAAGACTA-1,36x47,36,47,0
CCAGTTCACAATGGAA-1,36x32,36,32,1
CCAGTTCACACTTCGA-1,36x33,36,33,7
CCAGTTCACAGATCTG-1,36x7,36,7,0
CCAGTTCACAGCGTTA-1,36x34,36,34,1
CCAGTTCACATACCAA-1,36x35,36,35,7
CCAGTTCACATCAAGT-1,36x8,36,8,4
CCAGTTCACCAGTTCA-1,36x36,36,36,3
CCAGTTCACCGAAGTA-1,36x37,36,37,7
CCAGTTCACCGTGAGA-1,36x38,36,38,1
CCAGTTCACCTCCTGA-1,36x39,36,39,5
CCAGTTCACGAACTTA-1,36x40,36,40,1
CCAGTTCACGACTGGA-1,36x41,36,41,7
CCAGTTCACGCATACA-1,36x42,36,42,7
CCAGTTCACGCTGATC-1,36x9,36,9,0
CCAGTTCACTCAATGA-1,36x43,36,43,4
CCAGTTCACTGAGCCA-1,36x44,36,44,5
CCAGTTCACTGGCATA-1,36x45,36,45,0
CCAGTTCACTGTAGCC-1,36x11,36,11,1
CCAGTTCAGAATCTGA-1,36x46,36,46,0
CCAGTTCAGACTAGTA-1,36x31,36,31,1
CCAGTTCAGAGCTGAA-1,36x48,36,48,4
CCAGTTCAGATAGACA-1,36x49,36,49,3
CCGAAGTAAACAACCA-1,37x13,37,13,1
CCGAAGTAAACCGAGA-1,37x14,37,14,1
CCGAAGTAAACGCTTA-1,37x15,37,15,3
CCGAAGTAAAGACGGA-1,37x16,37,16,1
CCGAAGTAAAGGTACA-1,37x17,37,17,2
CCGAAGTAACAAGCTA-1,37x10,37,10,6
CCGAAGTAACACAGAA-1,37x18,37,18,2
CCGAAGTAACAGCAGA-1,37x19,37,19,3
CCGAAGTAACATTGGC-1,37x6,37,6,0
CCGAAGTAACCACTGT-1,37x5,37,5,0
CCGAAGTAACCTCCAA-1,37x20,37,20,1
CCGAAGTAACGCTCGA-1,37x21,37,21,1
CCGAAGTAACGTATCA-1,37x22,37,22,1
CCGAAGTAACTATGCA-1,37x23,37,23,3
CCGAAGTAAGAGTCAA-1,37x24,37,24,1
CCGAAGTAAGATCGCA-1,37x25,37,25,5
CCGAAGTAAGCAGGAA-1,37x26,37,26,3
CCGAAGTAAGTACAAG-1,37x12,37,12,7
CCGAAGTAAGTCACTA-1,37x27,37,27,1
CCGAAGTAATCCTGTA-1,37x28,37,28,1
CCGAAGTAATTGAGGA-1,37x29,37,29,1
CCGAAGTACAACCACA-1,37x30,37,30,1
CCGAAGTACAAGACTA-1,37x47,37,47,4
CCGAAGTACAATGGAA-1,37x32,37,32,1
CCGAAGTACACTTCGA-1,37x33,37,33,1
CCGAAGTACAGATCTG-1,37x7,37,7,0
CCGAAGTACAGCGTTA-1,37x34,37,34,1
CCGAAGTACATACCAA-1,37x35,37,35,2
CCGAAGTACATCAAGT-1,37x8,37,8,4
CCGAAGTACCAGTTCA-1,37x36,37,36,1
CCGAAGTACCGAAGTA-1,37x37,37,37,3
CCGAAGTACCGTGAGA-1,37x38,37,38,7
CCGAAGTACCTCCTGA-1,37x39,37,39,1
CCGAAGTACGAACTTA-1,37x40,37,40,4
CCGAAGTACGACTGGA-1,37x41,37,41,4
CCGAAGTACGCATACA-1,37x42,37,42,4
CCGAAGTACGCTGATC-1,37x9,37,9,0
CCGAAGTACTCAATGA-1,37x43,37,43,4
CCGAAGTACTGAGCCA-1,37x44,37,44,2
CCGAAGTACTGGCATA-1,37x45,37,45,4
CCGAAGTACTGTAGCC-1,37x11,37,11,0
CCGAAGTAGAATCTGA-1,37x46,37,46,0
CCGAAGTAGACTAGTA-1,37x31,37,31,1
CCGAAGTAGAGCTGAA-1,37x48,37,48,4
CCGAAGTAGATAGACA-1,37x49,37,49,8
CCGTGAGAAACAACCA-1,38x13,38,13,7
CCGTGAGAAACCGAGA-1,38x14,38,14,1
CCGTGAGAAACGCTTA-1,38x15,38,15,1
CCGTGAGAAAGACGGA-1,38x16,38,16,1
CCGTGAGAAAGGTACA-1,38x17,38,17,2
CCGTGAGAACAAGCTA-1,38x10,38,10,0
CCGTGAGAACACAGAA-1,38x18,38,18,8
CCGTGAGAACAGCAGA-1,38x19,38,19,1
CCGTGAGAACATTGGC-1,38x6,38,6,0
CCGTGAGAACCACTGT-1,38x5,38,5,0
CCGTGAGAACCTCCAA-1,38x20,38,20,1
CCGTGAGAACGCTCGA-1,38x21,38,21,1
CCGTGAGAACGTATCA-1,38x22,38,22,5
CCGTGAGAACTATGCA-1,38x23,38,23,9
CCGTGAGAAGAGTCAA-1,38x24,38,24,5
CCGTGAGAAGATCGCA-1,38x25,38,25,3
CCGTGAGAAGCAGGAA-1,38x26,38,26,4
CCGTGAGAAGTACAAG-1,38x12,38,12,0
CCGTGAGAAGTCACTA-1,38x27,38,27,4
CCGTGAGAATCCTGTA-1,38x28,38,28,1
CCGTGAGAATTGAGGA-1,38x29,38,29,1
CCGTGAGACAACCACA-1,38x30,38,30,1
CCGTGAGACAAGACTA-1,38x47,38,47,4
CCGTGAGACAATGGAA-1,38x32,38,32,8
CCGTGAGACACTTCGA-1,38x33,38,33,1
CCGTGAGACAGATCTG-1,38x7,38,7,0
CCGTGAGACAGCGTTA-1,38x34,38,34,4
CCGTGAGACATACCAA-1,38x35,38,35,4
CCGTGAGACATCAAGT-1,38x8,38,8,0
CCGTGAGACCAGTTCA-1,38x36,38,36,4
CCGTGAGACCGAAGTA-1,38x37,38,37,4
CCGTGAGACCGTGAGA-1,38x38,38,38,4
CCGTGAGACCTCCTGA-1,38x39,38,39,3
CCGTGAGACGAACTTA-1,38x40,38,40,4
CCGTGAGACGACTGGA-1,38x41,38,41,0
CCGTGAGACGCATACA-1,38x42,38,42,0
CCGTGAGACGCTGATC-1,38x9,38,9,0
CCGTGAGACTCAATGA-1,38x43,38,43,4
CCGTGAGACTGAGCCA-1,38x44,38,44,0
CCGTGAGACTGGCATA-1,38x45,38,45,0
CCGTGAGACTGTAGCC-1,38x11,38,11,0
CCGTGAGAGAATCTGA-1,38x46,38,46,0
CCGTGAGAGACTAGTA-1,38x31,38,31,1
CCGTGAGAGAGCTGAA-1,38x48,38,48,4
CCGTGAGAGATAGACA-1,38x49,38,49,5
CCTCCTGAAACAACCA-1,39x13,39,13,0
CCTCCTGAAACCGAGA-1,39x14,39,14,4
CCTCCTGAAACGCTTA-1,39x15,39,15,5
CCTCCTGAAAGACGGA-1,39x16,39,16,1
CCTCCTGAAAGGTACA-1,39x17,39,17,2
CCTCCTGAACAAGCTA-1,39x10,39,10,0
CCTCCTGAACACAGAA-1,39x18,39,18,1
CCTCCTGAACAGCAGA-1,39x19,39,19,1
CCTCCTGAACATTGGC-1,39x6,39,6,0
CCTCCTGAACCTCCAA-1,39x20,39,20,1
CCTCCTGAACGCTCGA-1,39x21,39,21,1
CCTCCTGAACGTATCA-1,39x22,39,22,7
CCTCCTGAACTATGCA-1,39x23,39,23,9
CCTCCTGAAGAGTCAA-1,39x24,39,24,8
CCTCCTGAAGATCGCA-1,39x25,39,25,1
CCTCCTGAAGCAGGAA-1,39x26,39,26,8
CCTCCTGAAGTACAAG-1,39x12,39,12,0
CCTCCTGAAGTCACTA-1,39x27,39,27,1
CCTCCTGAATCCTGTA-1,39x28,39,28,1
CCTCCTGAATTGAGGA-1,39x29,39,29,1
CCTCCTGACAACCACA-1,39x30,39,30,1
CCTCCTGACAAGACTA-1,39x47,39,47,4
CCTCCTGACAATGGAA-1,39x32,39,32,4
CCTCCTGACACTTCGA-1,39x33,39,33,3
CCTCCTGACAGATCTG-1,39x7,39,7,0
CCTCCTGACAGCGTTA-1,39x34,39,34,4
CCTCCTGACATACCAA-1,39x35,39,35,4
CCTCCTGACATCAAGT-1,39x8,39,8,0
CCTCCTGACCAGTTCA-1,39x36,39,36,1
CCTCCTGACCGAAGTA-1,39x37,39,37,2
CCTCCTGACCGTGAGA-1,39x38,39,38,4
CCTCCTGACCTCCTGA-1,39x39,39,39,4
CCTCCTGACGAACTTA-1,39x40,39,40,8
CCTCCTGACGACTGGA-1,39x41,39,41,4
CCTCCTGACGCATACA-1,39x42,39,42,4
CCTCCTGACGCTGATC-1,39x9,39,9,0
CCTCCTGACTCAATGA-1,39x43,39,43,4
CCTCCTGACTGAGCCA-1,39x44,39,44,0
CCTCCTGACTGGCATA-1,39x45,39,45,4
CCTCCTGACTGTAGCC-1,39x11,39,11,0
CCTCCTGAGAATCTGA-1,39x46,39,46,4
CCTCCTGAGACTAGTA-1,39x31,39,31,4
CCTCCTGAGAGCTGAA-1,39x48,39,48,4
CCTCCTGAGATAGACA-1,39x49,39,49,3
CGAACTTAAACAACCA-1,40x13,40,13,6
CGAACTTAAACCGAGA-1,40x14,40,14,4
CGAACTTAAACGCTTA-1,40x15,40,15,0
CGAACTTAAAGACGGA-1,40x16,40,16,0
CGAACTTAAAGGTACA-1,40x17,40,17,1
CGAACTTAACAAGCTA-1,40x10,40,10,0
CGAACTTAACACAGAA-1,40x18,40,18,1
CGAACTTAACAGCAGA-1,40x19,40,19,1
CGAACTTAACCTCCAA-1,40x20,40,20,1
CGAACTTAACGCTCGA-1,40x21,40,21,1
CGAACTTAACGTATCA-1,40x22,40,22,1
CGAACTTAACTATGCA-1,40x23,40,23,4
CGAACTTAAGAGTCAA-1,40x24,40,24,4
CGAACTTAAGATCGCA-1,40x25,40,25,4
CGAACTTAAGCAGGAA-1,40x26,40,26,8
CGAACTTAAGTACAAG-1,40x12,40,12,0
CGAACTTAAGTCACTA-1,40x27,40,27,0
CGAACTTAATCCTGTA-1,40x28,40,28,4
CGAACTTAATTGAGGA-1,40x29,40,29,4
CGAACTTACAACCACA-1,40x30,40,30,8
CGAACTTACAAGACTA-1,40x47,40,47,4
CGAACTTACAATGGAA-1,40x32,40,32,4
CGAACTTACACTTCGA-1,40x33,40,33,1
CGAACTTACAGATCTG-1,40x7,40,7,0
CGAACTTACAGCGTTA-1,40x34,40,34,4
CGAACTTACATACCAA-1,40x35,40,35,4
CGAACTTACATCAAGT-1,40x8,40,8,0
CGAACTTACCAGTTCA-1,40x36,40,36,4
CGAACTTACCGAAGTA-1,40x37,40,37,4
CGAACTTACCGTGAGA-1,40x38,40,38,4
CGAACTTACCTCCTGA-1,40x39,40,39,4
CGAACTTACGAACTTA-1,40x40,40,40,4
CGAACTTACGACTGGA-1,40x41,40,41,4
CGAACTTACGCATACA-1,40x42,40,42,0
CGAACTTACGCTGATC-1,40x9,40,9,0
CGAACTTACTCAATGA-1,40x43,40,43,4
CGAACTTACTGAGCCA-1,40x44,40,44,5
CGAACTTACTGGCATA-1,40x45,40,45,0
CGAACTTACTGTAGCC-1,40x11,40,11,0
CGAACTTAGAATCTGA-1,40x46,40,46,4
CGAACTTAGACTAGTA-1,40x31,40,31,4
CGAACTTAGAGCTGAA-1,40x48,40,48,4
CGAACTTAGATAGACA-1,40x49,40,49,0
CGACTGGAAACAACCA-1,41x13,41,13,0
CGACTGGAAACCGAGA-1,41x14,41,14,0
CGACTGGAAACGCTTA-1,41x15,41,15,0
CGACTGGAAAGACGGA-1,41x16,41,16,0
CGACTGGAAAGGTACA-1,41x17,41,17,0
CGACTGGAACAAGCTA-1,41x10,41,10,4
CGACTGGAACACAGAA-1,41x18,41,18,0
CGACTGGAACAGCAGA-1,41x19,41,19,1
CGACTGGAACCTCCAA-1,41x20,41,20,1
CGACTGGAACGCTCGA-1,41x21,41,21,1
CGACTGGAACGTATCA-1,41x22,41,22,5
CGACTGGAACTATGCA-1,41x23,41,23,1
CGACTGGAAGAGTCAA-1,41x24,41,24,8
CGACTGGAAGATCGCA-1,41x25,41,25,4
CGACTGGAAGCAGGAA-1,41x26,41,26,4
CGACTGGAAGTACAAG-1,41x12,41,12,0
CGACTGGAAGTCACTA-1,41x27,41,27,4
CGACTGGAATCCTGTA-1,41x28,41,28,4
CGACTGGAATTGAGGA-1,41x29,41,29,4
CGACTGGACAACCACA-1,41x30,41,30,4
CGACTGGACAAGACTA-1,41x47,41,47,4
CGACTGGACAATGGAA-1,41x32,41,32,4
CGACTGGACACTTCGA-1,41x33,41,33,4
CGACTGGACAGATCTG-1,41x7,41,7,0
CGACTGGACAGCGTTA-1,41x34,41,34,4
CGACTGGACATACCAA-1,41x35,41,35,0
CGACTGGACATCAAGT-1,41x8,41,8,0
CGACTGGACCAGTTCA-1,41x36,41,36,4
CGACTGGACCGAAGTA-1,41x37,41,37,4
CGACTGGACCGTGAGA-1,41x38,41,38,4
CGACTGGACCTCCTGA-1,41x39,41,39,0
CGACTGGACGAACTTA-1,41x40,41,40,4
CGACTGGACGACTGGA-1,41x41,41,41,4
CGACTGGACGCATACA-1,41x42,41,42,8
CGACTGGACGCTGATC-1,41x9,41,9,0
CGACTGGACTCAATGA-1,41x43,41,43,4
CGACTGGACTGAGCCA-1,41x44,41,44,4
CGACTGGACTGGCATA-1,41x45,41,45,4
CGACTGGACTGTAGCC-1,41x11,41,11,0
CGACTGGAGAATCTGA-1,41x46,41,46,4
CGACTGGAGACTAGTA-1,41x31,41,31,4
CGACTGGAGAGCTGAA-1,41x48,41,48,0
CGACTGGAGATAGACA-1,41x49,41,49,8
CGCATACAAACAACCA-1,42x13,42,13,0
CGCATACAAACCGAGA-1,42x14,42,14,0
CGCATACAAACGCTTA-1,42x15,42,15,0
CGCATACAAAGACGGA-1,42x16,42,16,0
CGCATACAAAGGTACA-1,42x17,42,17,0
CGCATACAACAAGCTA-1,42x10,42,10,0
CGCATACAACACAGAA-1,42x18,42,18,0
CGCATACAACAGCAGA-1,42x19,42,19,0
CGCATACAACCTCCAA-1,42x20,42,20,0
CGCATACAACGCTCGA-1,42x21,42,21,1
CGCATACAACGTATCA-1,42x22,42,22,1
CGCATACAACTATGCA-1,42x23,42,23,1
CGCATACAAGAGTCAA-1,42x24,42,24,1
CGCATACAAGATCGCA-1,42x25,42,25,0
CGCATACAAGCAGGAA-1,42x26,42,26,1
CGCATACAAGTACAAG-1,42x12,42,12,0
CGCATACAAGTCACTA-1,42x27,42,27,1
CGCATACAATCCTGTA-1,42x28,42,28,0
CGCATACAATTGAGGA-1,42x29,42,29,0
CGCATACACAACCACA-1,42x30,42,30,0
CGCATACACAAGACTA-1,42x47,42,47,0
CGCATACACAATGGAA-1,42x32,42,32,0
CGCATACACACTTCGA-1,42x33,42,33,4
CGCATACACAGCGTTA-1,42x34,42,34,4
CGCATACACATACCAA-1,42x35,42,35,0
CGCATACACATCAAGT-1,42x8,42,8,0
CGCATACACCAGTTCA-1,42x36,42,36,7
CGCATACACCGAAGTA-1,42x37,42,37,4
CGCATACACCGTGAGA-1,42x38,42,38,3
CGCATACACCTCCTGA-1,42x39,42,39,4
CGCATACACGAACTTA-1,42x40,42,40,0
CGCATACACGACTGGA-1,42x41,42,41,4
CGCATACACGCATACA-1,42x42,42,42,4
CGCATACACGCTGATC-1,42x9,42,9,0
CGCATACACTCAATGA-1,42x43,42,43,3
CGCATACACTGAGCCA-1,42x44,42,44,4
CGCATACACTGGCATA-1,42x45,42,45,4
CGCATACACTGTAGCC-1,42x11,42,11,8
CGCATACAGAATCTGA-1,42x46,42,46,0
CGCATACAGACTAGTA-1,42x31,42,31,8
CGCATACAGAGCTGAA-1,42x48,42,48,0
CGCTGATCAAACATCG-1,9x2,9,2,5
CGCTGATCAACAACCA-1,9x13,9,13,6
CGCTGATCAACCGAGA-1,9x14,9,14,6
CGCTGATCAACGCTTA-1,9x15,9,15,5
CGCTGATCAAGACGGA-1,9x16,9,16,9
CGCTGATCAAGGTACA-1,9x17,9,17,9
CGCTGATCACAAGCTA-1,9x10,9,10,5
CGCTGATCACACAGAA-1,9x18,9,18,2
CGCTGATCACAGCAGA-1,9x19,9,19,2
CGCTGATCACATTGGC-1,9x6,9,6,6
CGCTGATCACCACTGT-1,9x5,9,5,7
CGCTGATCACCTCCAA-1,9x20,9,20,3
CGCTGATCACGCTCGA-1,9x21,9,21,9
CGCTGATCACGTATCA-1,9x22,9,22,2
CGCTGATCACTATGCA-1,9x23,9,23,2
CGCTGATCAGAGTCAA-1,9x24,9,24,2
CGCTGATCAGATCGCA-1,9x25,9,25,3
CGCTGATCAGCAGGAA-1,9x26,9,26,8
CGCTGATCAGTACAAG-1,9x12,9,12,0
CGCTGATCAGTCACTA-1,9x27,9,27,2
CGCTGATCAGTGGTCA-1,9x4,9,4,7
CGCTGATCATCCTGTA-1,9x28,9,28,2
CGCTGATCATGCCTAA-1,9x3,9,3,6
CGCTGATCATTGAGGA-1,9x29,9,29,2
CGCTGATCCAACCACA-1,9x30,9,30,2
CGCTGATCCAAGACTA-1,9x47,9,47,8
CGCTGATCCAATGGAA-1,9x32,9,32,2
CGCTGATCCACTTCGA-1,9x33,9,33,2
CGCTGATCCAGATCTG-1,9x7,9,7,6
CGCTGATCCAGCGTTA-1,9x34,9,34,2
CGCTGATCCATACCAA-1,9x35,9,35,2
CGCTGATCCATCAAGT-1,9x8,9,8,0
CGCTGATCCCAGTTCA-1,9x36,9,36,2
CGCTGATCCCGAAGTA-1,9x37,9,37,2
CGCTGATCCCGTGAGA-1,9x38,9,38,2
CGCTGATCCCTCCTGA-1,9x39,9,39,8
CGCTGATCCGAACTTA-1,9x40,9,40,2
CGCTGATCCGACTGGA-1,9x41,9,41,2
CGCTGATCCGCATACA-1,9x42,9,42,2
CGCTGATCCGCTGATC-1,9x9,9,9,8
CGCTGATCCTCAATGA-1,9x43,9,43,2
CGCTGATCCTGAGCCA-1,9x44,9,44,1
CGCTGATCCTGGCATA-1,9x45,9,45,5
CGCTGATCCTGTAGCC-1,9x11,9,11,3
CGCTGATCGAATCTGA-1,9x46,9,46,2
CGCTGATCGACTAGTA-1,9x31,9,31,2
CTCAATGAAACAACCA-1,43x13,43,13,8
CTCAATGAAACCGAGA-1,43x14,43,14,0
CTCAATGAAACGCTTA-1,43x15,43,15,0
CTCAATGAAAGACGGA-1,43x16,43,16,0
CTCAATGAAAGGTACA-1,43x17,43,17,6
CTCAATGAACAAGCTA-1,43x10,43,10,0
CTCAATGAACACAGAA-1,43x18,43,18,0
CTCAATGAACAGCAGA-1,43x19,43,19,0
CTCAATGAACCTCCAA-1,43x20,43,20,0
CTCAATGAACGCTCGA-1,43x21,43,21,4
CTCAATGAACGTATCA-1,43x22,43,22,0
CTCAATGAACTATGCA-1,43x23,43,23,0
CTCAATGAAGAGTCAA-1,43x24,43,24,1
CTCAATGAAGATCGCA-1,43x25,43,25,1
CTCAATGAAGCAGGAA-1,43x26,43,26,1
CTCAATGAAGTACAAG-1,43x12,43,12,0
CTCAATGAAGTCACTA-1,43x27,43,27,3
CTCAATGAATCCTGTA-1,43x28,43,28,8
CTCAATGAATTGAGGA-1,43x29,43,29,4
CTCAATGACAACCACA-1,43x30,43,30,4
CTCAATGACAAGACTA-1,43x47,43,47,0
CTCAATGACAATGGAA-1,43x32,43,32,3
CTCAATGACACTTCGA-1,43x33,43,33,0
CTCAATGACAGCGTTA-1,43x34,43,34,1
CTCAATGACATACCAA-1,43x35,43,35,0
CTCAATGACCAGTTCA-1,43x36,43,36,1
CTCAATGACCGAAGTA-1,43x37,43,37,4
CTCAATGACCGTGAGA-1,43x38,43,38,4
CTCAATGACCTCCTGA-1,43x39,43,39,4
CTCAATGACGAACTTA-1,43x40,43,40,3
CTCAATGACGACTGGA-1,43x41,43,41,4
CTCAATGACGCATACA-1,43x42,43,42,4
CTCAATGACGCTGATC-1,43x9,43,9,0
CTCAATGACTCAATGA-1,43x43,43,43,4
CTCAATGACTGAGCCA-1,43x44,43,44,0
CTCAATGACTGGCATA-1,43x45,43,45,8
CTCAATGACTGTAGCC-1,43x11,43,11,6
CTCAATGAGAATCTGA-1,43x46,43,46,0
CTCAATGAGACTAGTA-1,43x31,43,31,4
CTGAGCCAAACAACCA-1,44x13,44,13,2
CTGAGCCAAACCGAGA-1,44x14,44,14,5
CTGAGCCAAACGCTTA-1,44x15,44,15,2
CTGAGCCAAAGACGGA-1,44x16,44,16,3
CTGAGCCAAAGGTACA-1,44x17,44,17,4
CTGAGCCAACAAGCTA-1,44x10,44,10,0
CTGAGCCAACACAGAA-1,44x18,44,18,0
CTGAGCCAACAGCAGA-1,44x19,44,19,4
CTGAGCCAACCTCCAA-1,44x20,44,20,0
CTGAGCCAACGCTCGA-1,44x21,44,21,0
CTGAGCCAACGTATCA-1,44x22,44,22,0
CTGAGCCAACTATGCA-1,44x23,44,23,0
CTGAGCCAAGAGTCAA-1,44x24,44,24,0
CTGAGCCAAGATCGCA-1,44x25,44,25,7
CTGAGCCAAGCAGGAA-1,44x26,44,26,2
CTGAGCCAAGTACAAG-1,44x12,44,12,0
CTGAGCCAAGTCACTA-1,44x27,44,27,1
CTGAGCCAATCCTGTA-1,44x28,44,28,7
CTGAGCCAATTGAGGA-1,44x29,44,29,4
CTGAGCCACAACCACA-1,44x30,44,30,0
CTGAGCCACAAGACTA-1,44x47,44,47,0
CTGAGCCACAATGGAA-1,44x32,44,32,4
CTGAGCCACACTTCGA-1,44x33,44,33,4
CTGAGCCACAGCGTTA-1,44x34,44,34,0
CTGAGCCACATACCAA-1,44x35,44,35,3
CTGAGCCACCAGTTCA-1,44x36,44,36,4
CTGAGCCACCGAAGTA-1,44x37,44,37,4
CTGAGCCACCGTGAGA-1,44x38,44,38,4
CTGAGCCACCTCCTGA-1,44x39,44,39,4
CTGAGCCACGAACTTA-1,44x40,44,40,4
CTGAGCCACGACTGGA-1,44x41,44,41,4
CTGAGCCACGCATACA-1,44x42,44,42,4
CTGAGCCACTCAATGA-1,44x43,44,43,4
CTGAGCCACTGAGCCA-1,44x44,44,44,0
CTGAGCCACTGGCATA-1,44x45,44,45,3
CTGAGCCACTGTAGCC-1,44x11,44,11,0
CTGAGCCAGAATCTGA-1,44x46,44,46,0
CTGAGCCAGACTAGTA-1,44x31,44,31,0
CTGGCATAAACAACCA-1,45x13,45,13,0
CTGGCATAAACCGAGA-1,45x14,45,14,0
CTGGCATAAACGCTTA-1,45x15,45,15,0
CTGGCATAAAGACGGA-1,45x16,45,16,0
CTGGCATAAAGGTACA-1,45x17,45,17,0
CTGGCATAACACAGAA-1,45x18,45,18,0
CTGGCATAACAGCAGA-1,45x19,45,19,0
CTGGCATAACCTCCAA-1,45x20,45,20,0
CTGGCATAACGCTCGA-1,45x21,45,21,4
CTGGCATAACGTATCA-1,45x22,45,22,0
CTGGCATAACTATGCA-1,45x23,45,23,4
CTGGCATAAGAGTCAA-1,45x24,45,24,0
CTGGCATAAGATCGCA-1,45x25,45,25,0
CTGGCATAAGCAGGAA-1,45x26,45,26,0
CTGGCATAAGTACAAG-1,45x12,45,12,0
CTGGCATAAGTCACTA-1,45x27,45,27,2
CTGGCATAATCCTGTA-1,45x28,45,28,8
CTGGCATAATTGAGGA-1,45x29,45,29,7
CTGGCATACAACCACA-1,45x30,45,30,8
CTGGCATACAATGGAA-1,45x32,45,32,1
CTGGCATACACTTCGA-1,45x33,45,33,1
CTGGCATACAGCGTTA-1,45x34,45,34,4
CTGGCATACATACCAA-1,45x35,45,35,1
CTGGCATACCAGTTCA-1,45x36,45,36,3
CTGGCATACCGAAGTA-1,45x37,45,37,4
CTGGCATACCGTGAGA-1,45x38,45,38,4
CTGGCATACCTCCTGA-1,45x39,45,39,8
CTGGCATACGAACTTA-1,45x40,45,40,4
CTGGCATACGACTGGA-1,45x41,45,41,4
CTGGCATACGCATACA-1,45x42,45,42,0
CTGGCATACTCAATGA-1,45x43,45,43,0
CTGGCATACTGAGCCA-1,45x44,45,44,3
CTGGCATACTGGCATA-1,45x45,45,45,0
CTGGCATACTGTAGCC-1,45x11,45,11,0
CTGGCATAGACTAGTA-1,45x31,45,31,1
CTGTAGCCAAACATCG-1,11x2,11,2,1
CTGTAGCCAACAACCA-1,11x13,11,13,7
CTGTAGCCAACCGAGA-1,11x14,11,14,3
CTGTAGCCAACGCTTA-1,11x15,11,15,5
CTGTAGCCAAGACGGA-1,11x16,11,16,9
CTGTAGCCAAGGTACA-1,11x17,11,17,9
CTGTAGCCACAAGCTA-1,11x10,11,10,0
CTGTAGCCACACAGAA-1,11x18,11,18,9
CTGTAGCCACAGCAGA-1,11x19,11,19,5
CTGTAGCCACATTGGC-1,11x6,11,6,1
CTGTAGCCACCACTGT-1,11x5,11,5,1
CTGTAGCCACCTCCAA-1,11x20,11,20,2
CTGTAGCCACGCTCGA-1,11x21,11,21,2
CTGTAGCCACGTATCA-1,11x22,11,22,2
CTGTAGCCACTATGCA-1,11x23,11,23,5
CTGTAGCCAGAGTCAA-1,11x24,11,24,2
CTGTAGCCAGATCGCA-1,11x25,11,25,8
CTGTAGCCAGCAGGAA-1,11x26,11,26,2
CTGTAGCCAGTACAAG-1,11x12,11,12,3
CTGTAGCCAGTCACTA-1,11x27,11,27,7
CTGTAGCCAGTGGTCA-1,11x4,11,4,7
CTGTAGCCATCCTGTA-1,11x28,11,28,2
CTGTAGCCATGCCTAA-1,11x3,11,3,1
CTGTAGCCATTGAGGA-1,11x29,11,29,2
CTGTAGCCCAACCACA-1,11x30,11,30,2
CTGTAGCCCAAGACTA-1,11x47,11,47,3
CTGTAGCCCAATGGAA-1,11x32,11,32,2
CTGTAGCCCACTTCGA-1,11x33,11,33,2
CTGTAGCCCAGATCTG-1,11x7,11,7,0
CTGTAGCCCAGCGTTA-1,11x34,11,34,2
CTGTAGCCCATACCAA-1,11x35,11,35,2
CTGTAGCCCATCAAGT-1,11x8,11,8,6
CTGTAGCCCCAGTTCA-1,11x36,11,36,8
CTGTAGCCCCGAAGTA-1,11x37,11,37,2
CTGTAGCCCCGTGAGA-1,11x38,11,38,2
CTGTAGCCCCTCCTGA-1,11x39,11,39,5
CTGTAGCCCGAACTTA-1,11x40,11,40,8
CTGTAGCCCGACTGGA-1,11x41,11,41,3
CTGTAGCCCGCATACA-1,11x42,11,42,2
CTGTAGCCCGCTGATC-1,11x9,11,9,0
CTGTAGCCCTCAATGA-1,11x43,11,43,2
CTGTAGCCCTGAGCCA-1,11x44,11,44,2
CTGTAGCCCTGGCATA-1,11x45,11,45,2
CTGTAGCCCTGTAGCC-1,11x11,11,11,3
CTGTAGCCGAATCTGA-1,11x46,11,46,2
CTGTAGCCGACTAGTA-1,11x31,11,31,2
CTGTAGCCGAGCTGAA-1,11x48,11,48,2
GAATCTGAAACAACCA-1,46x13,46,13,0
GAATCTGAAACCGAGA-1,46x14,46,14,5
GAATCTGAAACGCTTA-1,46x15,46,15,0
GAATCTGAAAGACGGA-1,46x16,46,16,4
GAATCTGAAAGGTACA-1,46x17,46,17,7
GAATCTGAACACAGAA-1,46x18,46,18,0
GAATCTGAACAGCAGA-1,46x19,46,19,5
GAATCTGAACCTCCAA-1,46x20,46,20,0
GAATCTGAACGCTCGA-1,46x21,46,21,0
GAATCTGAACGTATCA-1,46x22,46,22,0
GAATCTGAACTATGCA-1,46x23,46,23,0
GAATCTGAAGAGTCAA-1,46x24,46,24,0
GAATCTGAAGATCGCA-1,46x25,46,25,0
GAATCTGAAGCAGGAA-1,46x26,46,26,0
GAATCTGAAGTACAAG-1,46x12,46,12,3
GAATCTGAAGTCACTA-1,46x27,46,27,0
GAATCTGAATCCTGTA-1,46x28,46,28,6
GAATCTGAATTGAGGA-1,46x29,46,29,0
GAATCTGACAACCACA-1,46x30,46,30,0
GAATCTGACAATGGAA-1,46x32,46,32,0
GAATCTGACACTTCGA-1,46x33,46,33,8
GAATCTGACAGCGTTA-1,46x34,46,34,0
GAATCTGACATACCAA-1,46x35,46,35,0
GAATCTGACCAGTTCA-1,46x36,46,36,0
GAATCTGACCGAAGTA-1,46x37,46,37,0
GAATCTGACCGTGAGA-1,46x38,46,38,2
GAATCTGACCTCCTGA-1,46x39,46,39,0
GAATCTGACGAACTTA-1,46x40,46,40,0
GAATCTGACGACTGGA-1,46x41,46,41,0
GAATCTGACGCATACA-1,46x42,46,42,0
GAATCTGACTCAATGA-1,46x43,46,43,0
GAATCTGACTGAGCCA-1,46x44,46,44,0
GAATCTGAGACTAGTA-1,46x31,46,31,0
GACTAGTAAAACATCG-1,31x2,31,2,8
GACTAGTAAACAACCA-1,31x13,31,13,0
GACTAGTAAACCGAGA-1,31x14,31,14,1
GACTAGTAAACGCTTA-1,31x15,31,15,8
GACTAGTAAAGACGGA-1,31x16,31,16,7
GACTAGTAAAGGTACA-1,31x17,31,17,0
GACTAGTAACAAGCTA-1,31x10,31,10,6
GACTAGTAACACAGAA-1,31x18,31,18,7
GACTAGTAACAGCAGA-1,31x19,31,19,6
GACTAGTAACATTGGC-1,31x6,31,6,0
GACTAGTAACCACTGT-1,31x5,31,5,0
GACTAGTAACCTCCAA-1,31x20,31,20,3
GACTAGTAACGCTCGA-1,31x21,31,21,1
GACTAGTAACGTATCA-1,31x22,31,22,3
GACTAGTAACTATGCA-1,31x23,31,23,1
GACTAGTAAGAGTCAA-1,31x24,31,24,1
GACTAGTAAGATCGCA-1,31x25,31,25,9
GACTAGTAAGCAGGAA-1,31x26,31,26,2
GACTAGTAAGTACAAG-1,31x12,31,12,3
GACTAGTAAGTCACTA-1,31x27,31,27,2
GACTAGTAAGTGGTCA-1,31x4,31,4,7
GACTAGTAATCCTGTA-1,31x28,31,28,2
GACTAGTAATGCCTAA-1,31x3,31,3,4
GACTAGTAATTGAGGA-1,31x29,31,29,5
GACTAGTACAACCACA-1,31x30,31,30,1
GACTAGTACAAGACTA-1,31x47,31,47,4
GACTAGTACAATGGAA-1,31x32,31,32,2
GACTAGTACACTTCGA-1,31x33,31,33,7
GACTAGTACAGATCTG-1,31x7,31,7,1
GACTAGTACAGCGTTA-1,31x34,31,34,7
GACTAGTACATACCAA-1,31x35,31,35,1
GACTAGTACATCAAGT-1,31x8,31,8,1
GACTAGTACCAGTTCA-1,31x36,31,36,1
GACTAGTACCGAAGTA-1,31x37,31,37,1
GACTAGTACCGTGAGA-1,31x38,31,38,1
GACTAGTACCTCCTGA-1,31x39,31,39,1
GACTAGTACGAACTTA-1,31x40,31,40,3
GACTAGTACGACTGGA-1,31x41,31,41,8
GACTAGTACGCATACA-1,31x42,31,42,1
GACTAGTACGCTGATC-1,31x9,31,9,0
GACTAGTACTCAATGA-1,31x43,31,43,5
GACTAGTACTGAGCCA-1,31x44,31,44,8
GACTAGTACTGGCATA-1,31x45,31,45,2
GACTAGTACTGTAGCC-1,31x11,31,11,0
GACTAGTAGAATCTGA-1,31x46,31,46,2
GACTAGTAGACTAGTA-1,31x31,31,31,1
GACTAGTAGAGCTGAA-1,31x48,31,48,3
GACTAGTAGATAGACA-1,31x49,31,49,0
GAGCTGAAAACGCTTA-1,48x15,48,15,0
GAGCTGAAAAGACGGA-1,48x16,48,16,0
GAGCTGAAAAGGTACA-1,48x17,48,17,0
GAGCTGAAACACAGAA-1,48x18,48,18,0
GAGCTGAAACAGCAGA-1,48x19,48,19,5
GAGCTGAAACCTCCAA-1,48x20,48,20,0
GAGCTGAAACGCTCGA-1,48x21,48,21,6
GAGCTGAAACGTATCA-1,48x22,48,22,0
GAGCTGAAACTATGCA-1,48x23,48,23,4
GAGCTGAAAGAGTCAA-1,48x24,48,24,0
GAGCTGAAAGATCGCA-1,48x25,48,25,0
GAGCTGAAAGCAGGAA-1,48x26,48,26,0
GAGCTGAAAGTCACTA-1,48x27,48,27,0
GAGCTGAAATCCTGTA-1,48x28,48,28,6
GAGCTGAAATTGAGGA-1,48x29,48,29,4
GAGCTGAACAACCACA-1,48x30,48,30,6
GAGCTGAACAATGGAA-1,48x32,48,32,6
GAGCTGAACACTTCGA-1,48x33,48,33,6
GAGCTGAACAGCGTTA-1,48x34,48,34,6
GAGCTGAACATACCAA-1,48x35,48,35,6
GAGCTGAACCAGTTCA-1,48x36,48,36,4
GAGCTGAACCGAAGTA-1,48x37,48,37,0
GAGCTGAACCGTGAGA-1,48x38,48,38,6
GAGCTGAACCTCCTGA-1,48x39,48,39,4
GAGCTGAACGAACTTA-1,48x40,48,40,6
GAGCTGAACGACTGGA-1,48x41,48,41,6
GAGCTGAACGCATACA-1,48x42,48,42,0
GAGCTGAAGACTAGTA-1,48x31,48,31,6
GATAGACAAAGACGGA-1,49x16,49,16,0
GATAGACAAAGGTACA-1,49x17,49,17,0
GATAGACAACACAGAA-1,49x18,49,18,0
GATAGACAACAGCAGA-1,49x19,49,19,4
GATAGACAACCTCCAA-1,49x20,49,20,0
GATAGACAACGCTCGA-1,49x21,49,21,0
GATAGACAACGTATCA-1,49x22,49,22,0
GATAGACAACTATGCA-1,49x23,49,23,0
GATAGACAAGAGTCAA-1,49x24,49,24,0
GATAGACAAGATCGCA-1,49x25,49,25,3
GATAGACAAGCAGGAA-1,49x26,49,26,0
GATAGACAAGTCACTA-1,49x27,49,27,0
GATAGACAATCCTGTA-1,49x28,49,28,4
GATAGACAATTGAGGA-1,49x29,49,29,4
GATAGACACAACCACA-1,49x30,49,30,6
GATAGACACAATGGAA-1,49x32,49,32,4
GATAGACACACTTCGA-1,49x33,49,33,0
GATAGACACAGCGTTA-1,49x34,49,34,6
GATAGACACATACCAA-1,49x35,49,35,4
GATAGACACCAGTTCA-1,49x36,49,36,0
GATAGACACCGAAGTA-1,49x37,49,37,6
GATAGACACCGTGAGA-1,49x38,49,38,6
GATAGACACCTCCTGA-1,49x39,49,39,0
GATAGACACGAACTTA-1,49x40,49,40,0
GATAGACACGACTGGA-1,49x41,49,41,6
GATAGACAGACTAGTA-1,49x31,49,31,4
